target_region,source_region,source_unit,source_prize,source_index,transform,axis,lag,window,days,h1_hits,h1_rate,h1_baseline,h1_lift_pp,h1_raw_p,h2_hits,h2_rate,h2_baseline,h2_lift_pp,h2_raw_p,score
MT,MT,Huế,DB,1,P4P1,D-4,4,180,31,20,0.6451612903225806,0.3696774193548387,27.548387096774192,0.0013882625130919603,3,0.0967741935483871,0.024838709677419368,7.193548387096772,0.022941462705311656,36.180645161290315
MN,MB,MB_BOARD,G2,2,FIRST2_REV,W-2,14,60,60,37,0.6166666666666667,0.4333333333333334,18.33333333333333,0.003114155785199903,7,0.11666666666666667,0.03150000000000002,8.516666666666664,0.00032795209758698836,29.553333333333327
MN,MB,MB_BOARD,G2,2,P2P1,W-2,14,60,60,37,0.6166666666666667,0.4333333333333334,18.33333333333333,0.003114155785199903,7,0.11666666666666667,0.03150000000000002,8.516666666666664,0.00032795209758698836,29.553333333333327
MT,MT,Đà Nẵng,G2,1,LAST2_REV,W-1,7,180,52,29,0.5576923076923077,0.36000000000000004,19.769230769230766,0.002360314012275161,5,0.09615384615384616,0.02500000000000002,7.115384615384614,0.0022391866775864884,28.307692307692303
MT,MT,Đà Nẵng,G2,1,P5P4,W-1,7,180,52,29,0.5576923076923077,0.36000000000000004,19.769230769230766,0.002360314012275161,5,0.09615384615384616,0.02500000000000002,7.115384615384614,0.0022391866775864884,28.307692307692303
MN,MB,MB_BOARD,G2,2,FIRST2_REV,W-2,14,90,86,53,0.6162790697674418,0.43302325581395346,18.325581395348838,0.00044849981706561015,9,0.10465116279069768,0.031511627906976716,7.313953488372096,0.00017582778080532535,28.102325581395355
MN,MB,MB_BOARD,G2,2,P2P1,W-2,14,90,86,53,0.6162790697674418,0.43302325581395346,18.325581395348838,0.00044849981706561015,9,0.10465116279069768,0.031511627906976716,7.313953488372096,0.00017582778080532535,28.102325581395355
MT,MT,Huế,G1,1,LAST2_REV,D-3,3,180,31,18,0.5806451612903226,0.34967741935483865,23.0967741935484,0.0060641252328076925,2,0.06451612903225806,0.02451612903225808,3.9999999999999982,0.19504927877823472,27.896774193548396
MT,MT,Huế,G1,1,P5P4,D-3,3,180,31,18,0.5806451612903226,0.34967741935483865,23.0967741935484,0.0060641252328076925,2,0.06451612903225806,0.02451612903225808,3.9999999999999982,0.19504927877823472,27.896774193548396
MN,MT,Đà Nẵng,G2,1,TAIL_HEAD,D-4,4,180,52,33,0.6346153846153846,0.4196153846153846,21.499999999999996,0.0013448641711020723,4,0.07692307692307693,0.029423076923076944,4.749999999999998,0.05298113772929693,27.199999999999996
MT,MT,Huế,DB,1,P2P3,D-6,6,180,31,20,0.6451612903225806,0.41645161290322585,22.870967741935477,0.008176193825868703,2,0.06451612903225806,0.03000000000000002,3.4516129032258043,0.27420879791280395,27.01290322580644
MT,MT,Huế,G5,1,SECOND_HEAD_TAIL,D-4,4,180,31,17,0.5483870967741935,0.3696774193548387,17.870967741935477,0.030379875578719392,3,0.0967741935483871,0.024838709677419368,7.193548387096772,0.022941462705311656,26.503225806451603
MT,MT,Huế,G5,1,P2P4,D-4,4,180,31,17,0.5483870967741935,0.3696774193548387,17.870967741935477,0.030379875578719392,3,0.0967741935483871,0.024838709677419368,7.193548387096772,0.022941462705311656,26.503225806451603
MT,MT,Đà Nẵng,G1,1,P3P4,D-2,2,180,51,23,0.45098039215686275,0.30411764705882355,14.686274509803921,0.01668241087655217,6,0.11764705882352941,0.019607843137254912,9.80392156862745,2.7496693085231286e-06,26.45098039215686
MN,MT,Đà Nẵng,G1,1,SECOND_HEAD_TAIL,D-2,2,180,51,27,0.5294117647058824,0.42274509803921567,10.666666666666668,0.08071287621924014,8,0.1568627450980392,0.030000000000000023,12.68627450980392,4.779006385421795e-07,25.89019607843137
MN,MT,Đà Nẵng,G1,1,P2P5,D-2,2,180,51,27,0.5294117647058824,0.42274509803921567,10.666666666666668,0.08071287621924014,8,0.1568627450980392,0.030000000000000023,12.68627450980392,4.779006385421795e-07,25.89019607843137
MT,MT,Huế,G1,1,SECOND_HEAD_TAIL,D-4,4,180,31,18,0.5806451612903226,0.3696774193548387,21.09677419354839,0.012310075966759941,2,0.06451612903225806,0.024838709677419368,3.967741935483869,0.19977069742098968,25.858064516129033
MT,MT,Huế,G1,1,P2P5,D-4,4,180,31,18,0.5806451612903226,0.3696774193548387,21.09677419354839,0.012310075966759941,2,0.06451612903225806,0.024838709677419368,3.967741935483869,0.19977069742098968,25.858064516129033
MN,MT,Đà Nẵng,G1,1,SECOND_HEAD_TAIL,W-2,14,180,52,37,0.7115384615384616,0.4665384615384616,24.499999999999993,0.0003339926576069862,2,0.038461538461538464,0.034423076923076945,0.40384615384615186,0.5872926179221745,24.984615384615374
MN,MT,Đà Nẵng,G1,1,P2P5,W-2,14,180,52,37,0.7115384615384616,0.4665384615384616,24.499999999999993,0.0003339926576069862,2,0.038461538461538464,0.034423076923076945,0.40384615384615186,0.5872926179221745,24.984615384615374
MT,MT,Huế,DB,1,LAST2,D-3,3,180,31,17,0.5483870967741935,0.34967741935483865,19.870967741935488,0.016513479661944885,2,0.06451612903225806,0.02451612903225808,3.9999999999999982,0.19504927877823472,24.670967741935485
MT,MT,Huế,DB,1,P5P6,D-3,3,180,31,17,0.5483870967741935,0.34967741935483865,19.870967741935488,0.016513479661944885,2,0.06451612903225806,0.02451612903225808,3.9999999999999982,0.19504927877823472,24.670967741935485
MT,MT,Huế,G1,1,SECOND_HEAD_TAIL,W-4,28,180,36,18,0.5,0.35861111111111105,14.138888888888895,0.05534455453977385,4,0.1111111111111111,0.02527777777777779,8.583333333333332,0.002979421195621057,24.438888888888894
MT,MT,Huế,G1,1,P2P5,W-4,28,180,36,18,0.5,0.35861111111111105,14.138888888888895,0.05534455453977385,4,0.1111111111111111,0.02527777777777779,8.583333333333332,0.002979421195621057,24.438888888888894
MT,MT,Huế,G1,1,P3P2,D-6,6,180,31,18,0.5806451612903226,0.41645161290322585,16.419354838709676,0.04723375170292458,3,0.0967741935483871,0.03000000000000002,6.677419354838706,0.049165641930423165,24.432258064516123
MT,MT,Huế,DB,1,P5P1,D-6,6,180,31,18,0.5806451612903226,0.41645161290322585,16.419354838709676,0.04723375170292458,3,0.0967741935483871,0.03000000000000002,6.677419354838706,0.049165641930423165,24.432258064516123
MT,MT,Huế,G2,1,TAIL_HEAD,D-6,6,180,31,19,0.6129032258064516,0.41645161290322585,19.645161290322577,0.020844010660007847,2,0.06451612903225806,0.03000000000000002,3.4516129032258043,0.27420879791280395,23.787096774193543
MT,MT,Huế,G2,1,P5P1,D-6,6,180,31,19,0.6129032258064516,0.41645161290322585,19.645161290322577,0.020844010660007847,2,0.06451612903225806,0.03000000000000002,3.4516129032258043,0.27420879791280395,23.787096774193543
MT,MT,Huế,G5,1,HEAD_TAIL,W-3,21,180,34,19,0.5588235294117647,0.36147058823529404,19.73529411764707,0.01331860885293189,2,0.058823529411764705,0.025294117647058835,3.352941176470587,0.242267576682422,23.75882352941177
MT,MT,Huế,G5,1,P1P4,W-3,21,180,34,19,0.5588235294117647,0.36147058823529404,19.73529411764707,0.01331860885293189,2,0.058823529411764705,0.025294117647058835,3.352941176470587,0.242267576682422,23.75882352941177
MN,MB,MB_BOARD,G2,2,P3P5,D-3,3,60,60,37,0.6166666666666667,0.4333333333333334,18.33333333333333,0.003114155785199903,4,0.06666666666666667,0.03150000000000002,3.5166666666666644,0.11702416527648819,23.553333333333327
MT,MB,MB_BOARD,G2,2,SECOND_HEAD_TAIL,W-1,7,60,60,34,0.5666666666666667,0.35566666666666685,21.09999999999998,0.0005203258527211258,2,0.03333333333333333,0.024500000000000015,0.8833333333333317,0.49000659267288155,23.15999999999998
MT,MB,MB_BOARD,G2,2,P2P5,W-1,7,60,60,34,0.5666666666666667,0.35566666666666685,21.09999999999998,0.0005203258527211258,2,0.03333333333333333,0.024500000000000015,0.8833333333333317,0.49000659267288155,23.15999999999998
MB,MT,Đà Nẵng,G2,1,HEAD_SECOND_LAST,D-1,1,180,51,22,0.43137254901960786,0.2366666666666668,19.470588235294105,0.000945904198905271,2,0.0392156862745098,0.009803921568627456,2.9411764705882346,0.07762969373213137,22.999999999999986
MN,MT,Khánh Hòa,DB,1,TAIL_HEAD,W-3,21,180,52,32,0.6153846153846154,0.4196153846153846,19.57692307692308,0.003262789429497122,3,0.057692307692307696,0.029423076923076944,2.8269230769230753,0.21301709869913088,22.96923076923077
MT,MB,MB_BOARD,G2,1,P4P1,D-1,1,90,90,45,0.5,0.35200000000000004,14.799999999999997,0.0023311236516621336,6,0.06666666666666667,0.024333333333333342,4.233333333333332,0.011774432580822808,22.879999999999995
MB,MT,Đà Nẵng,G5,1,P4P3,D-4,4,180,51,22,0.43137254901960786,0.2390196078431374,19.235294117647047,0.001118723197603147,2,0.0392156862745098,0.010000000000000004,2.9215686274509802,0.08177042584549207,22.741176470588222
MB,MT,Đà Nẵng,G5,1,LAST2_REV,D-4,4,180,51,22,0.43137254901960786,0.2390196078431374,19.235294117647047,0.001118723197603147,2,0.0392156862745098,0.010000000000000004,2.9215686274509802,0.08177042584549207,22.741176470588222
MT,MT,Khánh Hòa,DB,1,P3P2,D-1,1,180,51,29,0.5686274509803921,0.36039215686274517,20.823529411764696,0.0015808915648936738,2,0.0392156862745098,0.025098039215686287,1.4117647058823517,0.4219366617217241,22.517647058823517
MT,MB,MB_BOARD,G2,2,P4P3,D-5,5,60,60,30,0.5,0.35566666666666685,14.433333333333314,0.013882797406081473,5,0.08333333333333333,0.024500000000000015,5.883333333333331,0.0056984118912542,22.49333333333331
MN,MT,Đà Nẵng,G2,1,P5P4,D-6,6,180,51,31,0.6078431372549019,0.41882352941176476,18.901960784313715,0.004741545647869853,3,0.058823529411764705,0.030000000000000023,2.8823529411764683,0.21294832139794445,22.36078431372548
MN,MT,Đà Nẵng,G2,1,LAST2_REV,D-6,6,180,51,31,0.6078431372549019,0.41882352941176476,18.901960784313715,0.004741545647869853,3,0.058823529411764705,0.030000000000000023,2.8823529411764683,0.21294832139794445,22.36078431372548
MN,MT,Đà Nẵng,G7,1,TAIL_HEAD,W-3,21,180,52,32,0.6153846153846154,0.4665384615384616,14.88461538461538,0.02208223214430112,5,0.09615384615384616,0.034423076923076945,6.173076923076922,0.019635373894649418,22.292307692307684
MN,MB,MB_BOARD,G2,2,P2P3,W-2,14,60,60,35,0.5833333333333334,0.4333333333333334,14.999999999999996,0.01339847436385373,5,0.08333333333333333,0.03150000000000002,5.183333333333331,0.02685783194756164,22.21999999999999
MB,MB,MB_BOARD,G2,2,P5P3,W-2,14,60,60,24,0.4,0.23633333333333348,16.366666666666653,0.0023113537083001645,3,0.05,0.010000000000000005,3.9999999999999996,0.006845948082691203,22.16666666666665
MT,MT,Đà Nẵng,G5,1,HEAD_SECOND_LAST,D-1,1,180,52,30,0.5769230769230769,0.4124999999999999,16.442307692307693,0.011674911935875587,4,0.07692307692307693,0.030000000000000023,4.69230769230769,0.05738862633042385,22.073076923076922
MT,MT,Đà Nẵng,G5,1,P1P3,D-1,1,180,52,30,0.5769230769230769,0.4124999999999999,16.442307692307693,0.011674911935875587,4,0.07692307692307693,0.030000000000000023,4.69230769230769,0.05738862633042385,22.073076923076922
MT,MT,Khánh Hòa,DB,1,P2P4,W-2,14,180,52,29,0.5576923076923077,0.35480769230769227,20.288461538461544,0.0017905343160473533,2,0.038461538461538464,0.02500000000000002,1.3461538461538445,0.4295004052060517,21.903846153846157
MT,MT,Khánh Hòa,DB,1,LAST2,W-4,28,180,52,23,0.4423076923076923,0.35480769230769227,8.750000000000002,0.1202277494811453,7,0.1346153846153846,0.02500000000000002,10.961538461538458,1.9298082184642533e-06,21.903846153846153
MT,MT,Khánh Hòa,DB,1,P5P6,W-4,28,180,52,23,0.4423076923076923,0.35480769230769227,8.750000000000002,0.1202277494811453,7,0.1346153846153846,0.02500000000000002,10.961538461538458,1.9298082184642533e-06,21.903846153846153
MN,MB,MB_BOARD,DB,1,P3P1,D-4,4,60,60,36,0.6,0.4333333333333334,16.666666666666657,0.00666203259031103,4,0.06666666666666667,0.03150000000000002,3.5166666666666644,0.11702416527648819,21.886666666666656
MN,MB,MB_BOARD,DB,1,TAIL_HEAD,D-2,2,90,90,52,0.5777777777777777,0.4317777777777777,14.600000000000001,0.0035736428867710716,6,0.06666666666666667,0.031444444444444414,3.5222222222222253,0.05340396670731329,21.82666666666667
MN,MB,MB_BOARD,DB,1,P5P1,D-2,2,90,90,52,0.5777777777777777,0.4317777777777777,14.600000000000001,0.0035736428867710716,6,0.06666666666666667,0.031444444444444414,3.5222222222222253,0.05340396670731329,21.82666666666667
MN,MB,MB_BOARD,G2,2,LAST2,W-3,21,60,60,37,0.6166666666666667,0.4333333333333334,18.33333333333333,0.003114155785199903,3,0.05,0.03150000000000002,1.849999999999998,0.3260424533918774,21.553333333333327
MN,MB,MB_BOARD,G2,2,P4P5,W-3,21,60,60,37,0.6166666666666667,0.4333333333333334,18.33333333333333,0.003114155785199903,3,0.05,0.03150000000000002,1.849999999999998,0.3260424533918774,21.553333333333327
MT,MT,Khánh Hòa,G2,1,P4P3,W-3,21,180,52,30,0.5769230769230769,0.35480769230769227,22.21153846153846,0.0006806721195021739,1,0.019230769230769232,0.02500000000000002,-0.5769230769230786,0.7613292629814068,21.519230769230766
MT,MB,MB_BOARD,G2,2,P5P2,W-1,7,60,60,33,0.55,0.35566666666666685,19.43333333333332,0.0013078729410641358,2,0.03333333333333333,0.024500000000000015,0.8833333333333317,0.49000659267288155,21.493333333333318
MT,MT,Đà Nẵng,G2,1,LAST2,W-3,21,180,52,29,0.5576923076923077,0.36000000000000004,19.769230769230766,0.002360314012275161,2,0.038461538461538464,0.02500000000000002,1.3461538461538445,0.4295004052060517,21.38461538461538
MT,MT,Đà Nẵng,G2,1,P4P5,W-3,21,180,52,29,0.5576923076923077,0.36000000000000004,19.769230769230766,0.002360314012275161,2,0.038461538461538464,0.02500000000000002,1.3461538461538445,0.4295004052060517,21.38461538461538
MT,MB,MB_BOARD,G2,1,HEAD_SECOND_LAST,D-1,1,90,90,46,0.5111111111111111,0.35200000000000004,15.911111111111104,0.0011434548205146663,4,0.044444444444444446,0.024333333333333342,2.01111111111111,0.18507652341180741,21.32444444444444
MT,MB,MB_BOARD,G2,1,P1P4,D-1,1,90,90,46,0.5111111111111111,0.35200000000000004,15.911111111111104,0.0011434548205146663,4,0.044444444444444446,0.024333333333333342,2.01111111111111,0.18507652341180741,21.32444444444444
MT,MB,MB_BOARD,DB,1,P2P3,D-6,6,60,60,28,0.4666666666666667,0.35566666666666685,11.099999999999982,0.04833423044516731,6,0.1,0.024500000000000015,7.549999999999998,0.00038220622056895774,21.15999999999998
MN,MB,MB_BOARD,G1,1,TAIL_HEAD,W-1,7,60,60,33,0.55,0.4333333333333334,11.666666666666664,0.045188455929291584,6,0.1,0.03150000000000002,6.849999999999998,0.0038123771170171868,20.886666666666663
MN,MB,MB_BOARD,G1,1,P5P1,W-1,7,60,60,33,0.55,0.4333333333333334,11.666666666666664,0.045188455929291584,6,0.1,0.03150000000000002,6.849999999999998,0.0038123771170171868,20.886666666666663
MT,MT,Huế,G1,1,LAST2,D-3,3,180,31,17,0.5483870967741935,0.34967741935483865,19.870967741935488,0.016513479661944885,1,0.03225806451612903,0.02451612903225808,0.7741935483870952,0.6186606007319277,20.8
MT,MT,Huế,G1,1,P4P5,D-3,3,180,31,17,0.5483870967741935,0.34967741935483865,19.870967741935488,0.016513479661944885,1,0.03225806451612903,0.02451612903225808,0.7741935483870952,0.6186606007319277,20.8
MT,MT,Huế,DB,1,P1P4,D-5,5,180,31,16,0.5161290322580645,0.35870967741935483,15.741935483870966,0.05048274993556079,2,0.06451612903225806,0.0238709677419355,4.064516129032256,0.1856022407326722,20.619354838709675
MT,MT,Huế,G1,1,P4P1,D-6,6,180,31,18,0.5806451612903226,0.41645161290322585,16.419354838709676,0.04723375170292458,2,0.06451612903225806,0.03000000000000002,3.4516129032258043,0.27420879791280395,20.56129032258064
MT,MT,Huế,G2,1,LAST2,W-1,7,180,31,15,0.4838709677419355,0.36387096774193545,12.000000000000005,0.11466876454844907,3,0.0967741935483871,0.025483870967741948,7.129032258064514,0.025654087816252957,20.554838709677423
MT,MT,Huế,G2,1,P4P5,W-1,7,180,31,15,0.4838709677419355,0.36387096774193545,12.000000000000005,0.11466876454844907,3,0.0967741935483871,0.025483870967741948,7.129032258064514,0.025654087816252957,20.554838709677423
MT,MT,Huế,G1,1,P4P2,W-1,7,180,31,15,0.4838709677419355,0.36387096774193545,12.000000000000005,0.11466876454844907,3,0.0967741935483871,0.025483870967741948,7.129032258064514,0.025654087816252957,20.554838709677423
MN,MB,MB_BOARD,G2,1,P1P3,D-5,5,60,60,34,0.5666666666666667,0.4333333333333334,13.333333333333325,0.025354281074944807,5,0.08333333333333333,0.03150000000000002,5.183333333333331,0.02685783194756164,20.55333333333332
MT,MB,MB_BOARD,G2,2,P4P3,D-4,4,60,60,30,0.5,0.35566666666666685,14.433333333333314,0.013882797406081473,4,0.06666666666666667,0.024500000000000015,4.216666666666665,0.04501771087494585,20.49333333333331
MN,MN,TP. HCM,G5,1,LAST2,D-6,6,180,52,32,0.6153846153846154,0.42173076923076924,19.365384615384617,0.0036008487996483647,2,0.038461538461538464,0.029615384615384637,0.8846153846153827,0.5130514947603224,20.426923076923075
MN,MN,TP. HCM,G5,1,P3P4,D-6,6,180,52,32,0.6153846153846154,0.42173076923076924,19.365384615384617,0.0036008487996483647,2,0.038461538461538464,0.029615384615384637,0.8846153846153827,0.5130514947603224,20.426923076923075
MT,MB,MB_BOARD,G2,2,P4P3,D-5,5,90,89,44,0.4943820224719101,0.3525842696629214,14.179775280898872,0.0035837380839687863,6,0.06741573033707865,0.024382022471910122,4.303370786516853,0.011050600817268842,20.343820224719096
MT,MT,Đà Nẵng,G8,1,LAST2_REV,W-4,28,180,52,26,0.5,0.36000000000000004,13.999999999999996,0.025068981512991292,4,0.07692307692307693,0.02500000000000002,5.192307692307691,0.02534418742536154,20.230769230769226
MT,MT,Đà Nẵng,G8,1,FIRST2_REV,W-4,28,180,52,26,0.5,0.36000000000000004,13.999999999999996,0.025068981512991292,4,0.07692307692307693,0.02500000000000002,5.192307692307691,0.02534418742536154,20.230769230769226
MT,MT,Đà Nẵng,G8,1,TAIL_HEAD,W-4,28,180,52,26,0.5,0.36000000000000004,13.999999999999996,0.025068981512991292,4,0.07692307692307693,0.02500000000000002,5.192307692307691,0.02534418742536154,20.230769230769226
MT,MT,Đà Nẵng,G8,1,P2P1,W-4,28,180,52,26,0.5,0.36000000000000004,13.999999999999996,0.025068981512991292,4,0.07692307692307693,0.02500000000000002,5.192307692307691,0.02534418742536154,20.230769230769226
MN,MB,MB_BOARD,DB,1,FIRST2_REV,W-1,7,60,60,35,0.5833333333333334,0.4333333333333334,14.999999999999996,0.01339847436385373,4,0.06666666666666667,0.03150000000000002,3.5166666666666644,0.11702416527648819,20.21999999999999
MN,MB,MB_BOARD,DB,1,P2P1,W-1,7,60,60,35,0.5833333333333334,0.4333333333333334,14.999999999999996,0.01339847436385373,4,0.06666666666666667,0.03150000000000002,3.5166666666666644,0.11702416527648819,20.21999999999999
MN,MB,MB_BOARD,G1,1,P4P2,D-4,4,60,60,35,0.5833333333333334,0.4333333333333334,14.999999999999996,0.01339847436385373,4,0.06666666666666667,0.03150000000000002,3.5166666666666644,0.11702416527648819,20.21999999999999
MT,MT,Huế,G7,1,LAST2_REV,D-3,3,180,31,18,0.5806451612903226,0.34967741935483865,23.0967741935484,0.0060641252328076925,0,0.0,0.02451612903225808,-2.451612903225808,1.0,20.154838709677428
MT,MT,Huế,G7,1,P3P2,D-3,3,180,31,18,0.5806451612903226,0.34967741935483865,23.0967741935484,0.0060641252328076925,0,0.0,0.02451612903225808,-2.451612903225808,1.0,20.154838709677428
MN,MN,TP. HCM,G7,1,FIRST2_REV,W-4,28,180,51,29,0.5686274509803921,0.4676470588235294,10.098039215686272,0.09594723190613821,6,0.11764705882352941,0.0347058823529412,8.29411764705882,0.0021613785604348975,20.05098039215686
MN,MN,TP. HCM,G7,1,P2P1,W-4,28,180,51,29,0.5686274509803921,0.4676470588235294,10.098039215686272,0.09594723190613821,6,0.11764705882352941,0.0347058823529412,8.29411764705882,0.0021613785604348975,20.05098039215686
MT,MT,Huế,G8,1,LAST2,W-4,28,180,36,20,0.5555555555555556,0.35861111111111105,19.694444444444454,0.011006670628066454,1,0.027777777777777776,0.02527777777777779,0.2499999999999985,0.6683400461553825,19.99444444444445
MT,MT,Huế,G8,1,FIRST2,W-4,28,180,36,20,0.5555555555555556,0.35861111111111105,19.694444444444454,0.011006670628066454,1,0.027777777777777776,0.02527777777777779,0.2499999999999985,0.6683400461553825,19.99444444444445
MT,MT,Huế,G8,1,HEAD_TAIL,W-4,28,180,36,20,0.5555555555555556,0.35861111111111105,19.694444444444454,0.011006670628066454,1,0.027777777777777776,0.02527777777777779,0.2499999999999985,0.6683400461553825,19.99444444444445
MT,MT,Huế,G8,1,P1P2,W-4,28,180,36,20,0.5555555555555556,0.35861111111111105,19.694444444444454,0.011006670628066454,1,0.027777777777777776,0.02527777777777779,0.2499999999999985,0.6683400461553825,19.99444444444445
MT,MT,Huế,DB,1,TAIL_HEAD,D-5,5,180,31,17,0.5483870967741935,0.35870967741935483,18.96774193548387,0.02196995453553825,1,0.03225806451612903,0.0238709677419355,0.8387096774193532,0.6111758779727317,19.974193548387092
MT,MT,Huế,DB,1,P6P1,D-5,5,180,31,17,0.5483870967741935,0.35870967741935483,18.96774193548387,0.02196995453553825,1,0.03225806451612903,0.0238709677419355,0.8387096774193532,0.6111758779727317,19.974193548387092
MN,MT,Khánh Hòa,DB,1,LAST2_REV,D-1,1,180,51,31,0.6078431372549019,0.41980392156862745,18.803921568627445,0.004952907562298267,2,0.0392156862745098,0.030000000000000023,0.921568627450978,0.5098232646600834,19.909803921568617
MT,MT,Huế,G2,1,P4P1,W-1,7,180,31,16,0.5161290322580645,0.36387096774193545,15.225806451612906,0.057584393618141404,2,0.06451612903225806,0.025483870967741948,3.9032258064516117,0.20920305076816031,19.90967741935484
MN,MB,MB_BOARD,DB,1,P2P4,W-1,7,60,60,36,0.6,0.4333333333333334,16.666666666666657,0.00666203259031103,3,0.05,0.03150000000000002,1.849999999999998,0.3260424533918774,19.886666666666656
MN,MB,MB_BOARD,G2,1,TAIL_HEAD,W-4,28,60,60,36,0.6,0.4333333333333334,16.666666666666657,0.00666203259031103,3,0.05,0.03150000000000002,1.849999999999998,0.3260424533918774,19.886666666666656
MN,MB,MB_BOARD,G2,1,P5P1,W-4,28,60,60,36,0.6,0.4333333333333334,16.666666666666657,0.00666203259031103,3,0.05,0.03150000000000002,1.849999999999998,0.3260424533918774,19.886666666666656
MN,MN,TP. HCM,G5,1,FIRST2_REV,D-2,2,180,51,31,0.6078431372549019,0.42058823529411754,18.725490196078436,0.005127783652553782,2,0.0392156862745098,0.029803921568627472,0.9411764705882332,0.5065700530650951,19.854901960784314
MN,MN,TP. HCM,G5,1,P2P1,D-2,2,180,51,31,0.6078431372549019,0.42058823529411754,18.725490196078436,0.005127783652553782,2,0.0392156862745098,0.029803921568627472,0.9411764705882332,0.5065700530650951,19.854901960784314
MN,MN,TP. HCM,DB,1,TAIL_HEAD,D-2,2,180,51,31,0.6078431372549019,0.42058823529411754,18.725490196078436,0.005127783652553782,2,0.0392156862745098,0.029803921568627472,0.9411764705882332,0.5065700530650951,19.854901960784314
MN,MN,TP. HCM,DB,1,P6P1,D-2,2,180,51,31,0.6078431372549019,0.42058823529411754,18.725490196078436,0.005127783652553782,2,0.0392156862745098,0.029803921568627472,0.9411764705882332,0.5065700530650951,19.854901960784314
MT,MT,Đà Nẵng,DB,1,P2P4,W-2,14,180,52,27,0.5192307692307693,0.36000000000000004,15.923076923076923,0.012297936743724435,3,0.057692307692307696,0.02500000000000002,3.2692307692307674,0.14323952870805642,19.846153846153843
MN,MN,TP. HCM,DB,1,P4P3,W-4,28,180,51,30,0.5882352941176471,0.4676470588235294,12.058823529411766,0.05641056717391175,5,0.09803921568627451,0.0347058823529412,6.333333333333331,0.0183738418096401,19.658823529411762
MN,MT,Đà Nẵng,G2,1,P3P4,D-6,6,180,51,32,0.6274509803921569,0.41882352941176476,20.86274509803921,0.0020013397332485387,1,0.0196078431372549,0.030000000000000023,-1.039215686274512,0.8010798040215048,19.615686274509795
MN,MT,Đà Nẵng,G1,1,FIRST2,W-4,28,180,52,33,0.6346153846153846,0.4665384615384616,16.807692307692296,0.010996180278745212,3,0.057692307692307696,0.034423076923076945,2.326923076923075,0.2945793786710798,19.599999999999987
MN,MT,Đà Nẵng,G1,1,P1P2,W-4,28,180,52,33,0.6346153846153846,0.4665384615384616,16.807692307692296,0.010996180278745212,3,0.057692307692307696,0.034423076923076945,2.326923076923075,0.2945793786710798,19.599999999999987
MN,MN,TP. HCM,DB,1,P4P2,D-4,4,180,52,28,0.5384615384615384,0.4225,11.596153846153845,0.060270248123913864,5,0.09615384615384616,0.02980769230769233,6.634615384615383,0.008072496437783752,19.557692307692307
MT,MB,MB_BOARD,G1,1,P5P2,D-1,1,60,60,27,0.45,0.35566666666666685,9.433333333333316,0.0820301413800874,6,0.1,0.024500000000000015,7.549999999999998,0.00038220622056895774,19.49333333333331
MT,MB,MB_BOARD,G2,2,P4P3,D-4,4,90,90,43,0.4777777777777778,0.35200000000000004,12.577777777777776,0.008468542702607091,5,0.05555555555555555,0.024333333333333342,3.122222222222221,0.057019236319475766,19.324444444444442
MN,MN,TP. HCM,G2,1,P4P3,W-4,28,180,51,31,0.6078431372549019,0.4676470588235294,14.01960784313725,0.031000853534052925,4,0.0784313725490196,0.0347058823529412,4.372549019607841,0.09283169454842809,19.26666666666666
MN,MT,Khánh Hòa,G7,1,LAST2,D-5,5,180,51,26,0.5098039215686274,0.42274509803921567,8.705882352941174,0.13203298307371902,6,0.11764705882352941,0.030000000000000023,8.764705882352938,0.0005594045639279989,19.2235294117647
MN,MT,Khánh Hòa,G7,1,SECOND_HEAD_TAIL,D-5,5,180,51,26,0.5098039215686274,0.42274509803921567,8.705882352941174,0.13203298307371902,6,0.11764705882352941,0.030000000000000023,8.764705882352938,0.0005594045639279989,19.2235294117647
MT,MT,Huế,DB,1,P5P3,W-2,14,180,33,17,0.5151515151515151,0.3651515151515151,15.000000000000002,0.05381813571673482,2,0.06060606060606061,0.025454545454545466,3.5151515151515142,0.2328592597301519,19.21818181818182
MN,MT,Khánh Hòa,G5,1,P1P2,D-4,4,180,52,30,0.5769230769230769,0.41884615384615387,15.8076923076923,0.01500662727970833,3,0.057692307692307696,0.029615384615384637,2.8076923076923057,0.216137086358329,19.176923076923067
MN,MT,Khánh Hòa,G5,1,FIRST2,D-4,4,180,52,30,0.5769230769230769,0.41884615384615387,15.8076923076923,0.01500662727970833,3,0.057692307692307696,0.029615384615384637,2.8076923076923057,0.216137086358329,19.176923076923067
MN,MN,TP. HCM,G7,1,FIRST2_REV,D-1,1,180,51,28,0.5490196078431373,0.41588235294117665,13.313725490196065,0.03696688381564431,4,0.0784313725490196,0.029607843137254924,4.882352941176468,0.05009234295467137,19.17254901960783
MN,MN,TP. HCM,G7,1,P2P1,D-1,1,180,51,28,0.5490196078431373,0.41588235294117665,13.313725490196065,0.03696688381564431,4,0.0784313725490196,0.029607843137254924,4.882352941176468,0.05009234295467137,19.17254901960783
MN,MT,Khánh Hòa,G2,1,FIRST2,W-2,14,180,52,30,0.5769230769230769,0.4196153846153846,15.730769230769226,0.015459191422697076,3,0.057692307692307696,0.029423076923076944,2.8269230769230753,0.21301709869913088,19.123076923076916
MN,MT,Khánh Hòa,G2,1,P1P2,W-2,14,180,52,30,0.5769230769230769,0.4196153846153846,15.730769230769226,0.015459191422697076,3,0.057692307692307696,0.029423076923076944,2.8269230769230753,0.21301709869913088,19.123076923076916
MB,MT,Khánh Hòa,G2,1,P5P2,D-3,3,180,51,19,0.37254901960784315,0.24000000000000007,13.254901960784307,0.020062001502698157,3,0.058823529411764705,0.010000000000000004,4.88235294117647,0.002550420382128448,19.11372549019607
MN,MB,MB_BOARD,G2,1,P5P2,D-6,6,90,88,50,0.5681818181818182,0.43227272727272725,13.590909090909097,0.006831413749036509,6,0.06818181818181818,0.031477272727272694,3.670454545454548,0.047783059175505564,18.995454545454557
MT,MT,Khánh Hòa,DB,1,P5P3,D-2,2,180,51,24,0.47058823529411764,0.3047058823529413,16.58823529411763,0.007726070726961835,2,0.0392156862745098,0.019607843137254912,1.9607843137254892,0.3067881108768499,18.941176470588218
MN,MB,MB_BOARD,G2,2,P4P1,D-1,1,60,60,33,0.55,0.4333333333333334,11.666666666666664,0.045188455929291584,5,0.08333333333333333,0.03150000000000002,5.183333333333331,0.02685783194756164,18.886666666666663
MN,MB,MB_BOARD,G2,2,P4P2,D-1,1,60,60,33,0.55,0.4333333333333334,11.666666666666664,0.045188455929291584,5,0.08333333333333333,0.03150000000000002,5.183333333333331,0.02685783194756164,18.886666666666663
MN,MT,Khánh Hòa,G1,1,LAST2_REV,D-6,6,180,51,33,0.6470588235294118,0.4637254901960786,18.333333333333318,0.0064767671777171245,2,0.0392156862745098,0.0347058823529412,0.4509803921568606,0.5818234489671488,18.87450980392155
MN,MT,Khánh Hòa,G1,1,P5P4,D-6,6,180,51,33,0.6470588235294118,0.4637254901960786,18.333333333333318,0.0064767671777171245,2,0.0392156862745098,0.0347058823529412,0.4509803921568606,0.5818234489671488,18.87450980392155
MB,MB,MB_BOARD,G1,1,HEAD_TAIL,D-4,4,60,60,22,0.36666666666666664,0.23633333333333348,13.033333333333315,0.013059366907124698,3,0.05,0.010000000000000005,3.9999999999999996,0.006845948082691203,18.833333333333314
MB,MB,MB_BOARD,G1,1,P1P5,D-4,4,60,60,22,0.36666666666666664,0.23633333333333348,13.033333333333315,0.013059366907124698,3,0.05,0.010000000000000005,3.9999999999999996,0.006845948082691203,18.833333333333314
MB,MB,MB_BOARD,G2,1,P3P5,W-3,21,60,60,22,0.36666666666666664,0.23633333333333348,13.033333333333315,0.013059366907124698,3,0.05,0.010000000000000005,3.9999999999999996,0.006845948082691203,18.833333333333314
MT,MT,Khánh Hòa,G5,1,FIRST2,W-2,14,180,52,25,0.4807692307692308,0.35480769230769227,12.596153846153852,0.039755745531757355,4,0.07692307692307693,0.02500000000000002,5.192307692307691,0.02534418742536154,18.82692307692308
MT,MT,Khánh Hòa,G5,1,P1P2,W-2,14,180,52,25,0.4807692307692308,0.35480769230769227,12.596153846153852,0.039755745531757355,4,0.07692307692307693,0.02500000000000002,5.192307692307691,0.02534418742536154,18.82692307692308
MT,MB,MB_BOARD,G1,1,P3P2,D-3,3,60,60,29,0.48333333333333334,0.35566666666666685,12.766666666666648,0.026747508669725226,4,0.06666666666666667,0.024500000000000015,4.216666666666665,0.04501771087494585,18.826666666666647
MN,MB,MB_BOARD,G1,1,P1P3,D-1,1,90,90,48,0.5333333333333333,0.4317777777777777,10.155555555555562,0.03298204150174869,7,0.07777777777777778,0.031444444444444414,4.633333333333336,0.01332116123116902,18.715555555555564
MT,MT,Khánh Hòa,G7,1,LAST2,D-3,3,180,52,30,0.5769230769230769,0.36000000000000004,21.692307692307683,0.0009215643945323954,0,0.0,0.02500000000000002,-2.5000000000000018,1.0,18.69230769230768
MT,MT,Khánh Hòa,G7,1,SECOND_HEAD_TAIL,D-3,3,180,52,30,0.5769230769230769,0.36000000000000004,21.692307692307683,0.0009215643945323954,0,0.0,0.02500000000000002,-2.5000000000000018,1.0,18.69230769230768
MT,MT,Khánh Hòa,G7,1,P2P3,D-3,3,180,52,30,0.5769230769230769,0.36000000000000004,21.692307692307683,0.0009215643945323954,0,0.0,0.02500000000000002,-2.5000000000000018,1.0,18.69230769230768
MN,MB,MB_BOARD,DB,1,P1P3,D-2,2,60,60,34,0.5666666666666667,0.4333333333333334,13.333333333333325,0.025354281074944807,4,0.06666666666666667,0.03150000000000002,3.5166666666666644,0.11702416527648819,18.55333333333332
MT,MT,Khánh Hòa,G1,1,P3P1,D-2,2,180,51,25,0.49019607843137253,0.3047058823529413,18.54901960784312,0.0032070342624405676,1,0.0196078431372549,0.019607843137254912,-1.0408340855860843e-15,0.6932118891231505,18.54901960784312
MT,MB,MB_BOARD,G2,1,LAST2_REV,D-3,3,60,60,30,0.5,0.35566666666666685,14.433333333333314,0.013882797406081473,3,0.05,0.024500000000000015,2.549999999999999,0.19485824258196202,18.49333333333331
MT,MB,MB_BOARD,G2,1,P5P4,D-3,3,60,60,30,0.5,0.35566666666666685,14.433333333333314,0.013882797406081473,3,0.05,0.024500000000000015,2.549999999999999,0.19485824258196202,18.49333333333331
MT,MB,MB_BOARD,G1,1,P5P2,D-1,1,90,90,41,0.45555555555555555,0.35200000000000004,10.35555555555555,0.025788187775313665,6,0.06666666666666667,0.024333333333333342,4.233333333333332,0.011774432580822808,18.43555555555555
MB,MT,Đà Nẵng,G1,1,P2P1,W-1,7,180,51,21,0.4117647058823529,0.24000000000000007,17.176470588235286,0.003382347141416812,1,0.0196078431372549,0.010000000000000004,0.9607843137254898,0.5056142667668168,18.329411764705874
MB,MT,Đà Nẵng,G1,1,FIRST2_REV,W-1,7,180,51,21,0.4117647058823529,0.24000000000000007,17.176470588235286,0.003382347141416812,1,0.0196078431372549,0.010000000000000004,0.9607843137254898,0.5056142667668168,18.329411764705874
MB,MT,Khánh Hòa,DB,1,P3P4,D-3,3,180,51,21,0.4117647058823529,0.24000000000000007,17.176470588235286,0.003382347141416812,1,0.0196078431372549,0.010000000000000004,0.9607843137254898,0.5056142667668168,18.329411764705874
MT,MT,Đà Nẵng,G2,1,P3P1,D-3,3,180,51,27,0.5294117647058824,0.3633333333333336,16.607843137254875,0.010159379191932508,2,0.0392156862745098,0.025098039215686287,1.4117647058823517,0.4219366617217241,18.301960784313696
MT,MT,Đà Nẵng,G5,1,FIRST2,D-1,1,180,52,28,0.5384615384615384,0.4124999999999999,12.596153846153852,0.044165551349864725,4,0.07692307692307693,0.030000000000000023,4.69230769230769,0.05738862633042385,18.22692307692308
MT,MT,Đà Nẵng,G5,1,P1P2,D-1,1,180,52,28,0.5384615384615384,0.4124999999999999,12.596153846153852,0.044165551349864725,4,0.07692307692307693,0.030000000000000023,4.69230769230769,0.05738862633042385,18.22692307692308
MN,MB,MB_BOARD,G2,1,LAST2,D-2,2,60,60,35,0.5833333333333334,0.4333333333333334,14.999999999999996,0.01339847436385373,3,0.05,0.03150000000000002,1.849999999999998,0.3260424533918774,18.219999999999995
MN,MB,MB_BOARD,G2,1,P4P5,D-2,2,60,60,35,0.5833333333333334,0.4333333333333334,14.999999999999996,0.01339847436385373,3,0.05,0.03150000000000002,1.849999999999998,0.3260424533918774,18.219999999999995
MT,MT,Đà Nẵng,G1,1,TAIL_HEAD,D-5,5,180,51,28,0.5490196078431373,0.36039215686274517,18.862745098039213,0.003908200912633473,1,0.0196078431372549,0.025098039215686287,-0.5490196078431385,0.7574886648522958,18.203921568627447
MT,MT,Đà Nẵng,G1,1,P5P1,D-5,5,180,51,28,0.5490196078431373,0.36039215686274517,18.862745098039213,0.003908200912633473,1,0.0196078431372549,0.025098039215686287,-0.5490196078431385,0.7574886648522958,18.203921568627447
MT,MB,MB_BOARD,G2,1,HEAD_SECOND_LAST,D-1,1,60,60,31,0.5166666666666667,0.35566666666666685,16.099999999999987,0.006750711841277779,2,0.03333333333333333,0.024500000000000015,0.8833333333333317,0.49000659267288155,18.159999999999986
MT,MB,MB_BOARD,G2,1,P1P4,D-1,1,60,60,31,0.5166666666666667,0.35566666666666685,16.099999999999987,0.006750711841277779,2,0.03333333333333333,0.024500000000000015,0.8833333333333317,0.49000659267288155,18.159999999999986
MN,MN,TP. HCM,G2,1,P4P1,W-1,7,180,51,28,0.5490196078431373,0.4676470588235294,8.13725490196079,0.15283473180989088,6,0.11764705882352941,0.0347058823529412,8.29411764705882,0.0021613785604348975,18.090196078431376
MN,MT,Đà Nẵng,G1,1,SECOND_HEAD_TAIL,W-3,21,180,52,31,0.5961538461538461,0.4665384615384616,12.961538461538453,0.04140998383428598,4,0.07692307692307693,0.034423076923076945,4.249999999999998,0.09668108582723069,18.06153846153845
MN,MT,Đà Nẵng,G1,1,P2P5,W-3,21,180,52,31,0.5961538461538461,0.4665384615384616,12.961538461538453,0.04140998383428598,4,0.07692307692307693,0.034423076923076945,4.249999999999998,0.09668108582723069,18.06153846153845
MN,MT,Khánh Hòa,G2,1,HEAD_SECOND_LAST,D-3,3,180,52,31,0.5961538461538461,0.4665384615384616,12.961538461538453,0.04140998383428598,4,0.07692307692307693,0.034423076923076945,4.249999999999998,0.09668108582723069,18.06153846153845
MT,MB,MB_BOARD,G2,1,LAST2_REV,D-6,6,90,88,45,0.5113636363636364,0.35295454545454547,15.840909090909088,0.001358803165536357,3,0.03409090909090909,0.02443181818181819,0.9659090909090898,0.4045185296203356,17.999999999999996
MT,MB,MB_BOARD,G2,1,P5P4,D-6,6,90,88,45,0.5113636363636364,0.35295454545454547,15.840909090909088,0.001358803165536357,3,0.03409090909090909,0.02443181818181819,0.9659090909090898,0.4045185296203356,17.999999999999996
MT,MT,Huế,G5,1,TAIL_HEAD,D-6,6,180,31,16,0.5161290322580645,0.41645161290322585,9.967741935483865,0.1726813402875097,3,0.0967741935483871,0.03000000000000002,6.677419354838706,0.049165641930423165,17.98064516129031
MT,MT,Huế,G5,1,SECOND_HEAD_TAIL,D-6,6,180,31,16,0.5161290322580645,0.41645161290322585,9.967741935483865,0.1726813402875097,3,0.0967741935483871,0.03000000000000002,6.677419354838706,0.049165641930423165,17.98064516129031
MT,MT,Huế,G5,1,P2P4,D-6,6,180,31,16,0.5161290322580645,0.41645161290322585,9.967741935483865,0.1726813402875097,3,0.0967741935483871,0.03000000000000002,6.677419354838706,0.049165641930423165,17.98064516129031
MT,MT,Huế,G5,1,P4P1,D-6,6,180,31,16,0.5161290322580645,0.41645161290322585,9.967741935483865,0.1726813402875097,3,0.0967741935483871,0.03000000000000002,6.677419354838706,0.049165641930423165,17.98064516129031
MN,MT,Khánh Hòa,G5,1,LAST2,W-4,28,180,52,27,0.5192307692307693,0.4196153846153846,9.961538461538467,0.09423725474563556,5,0.09615384615384616,0.029423076923076944,6.673076923076922,0.0074002186561861125,17.969230769230773
MN,MT,Khánh Hòa,G5,1,P3P4,W-4,28,180,52,27,0.5192307692307693,0.4196153846153846,9.961538461538467,0.09423725474563556,5,0.09615384615384616,0.029423076923076944,6.673076923076922,0.0074002186561861125,17.969230769230773
MT,MT,Khánh Hòa,G7,1,FIRST2_REV,D-3,3,180,52,26,0.5,0.36000000000000004,13.999999999999996,0.025068981512991292,3,0.057692307692307696,0.02500000000000002,3.2692307692307674,0.14323952870805642,17.923076923076916
MT,MT,Khánh Hòa,G7,1,P2P1,D-3,3,180,52,26,0.5,0.36000000000000004,13.999999999999996,0.025068981512991292,3,0.057692307692307696,0.02500000000000002,3.2692307692307674,0.14323952870805642,17.923076923076916
MT,MT,Đà Nẵng,DB,1,P3P5,W-1,7,180,52,26,0.5,0.36000000000000004,13.999999999999996,0.025068981512991292,3,0.057692307692307696,0.02500000000000002,3.2692307692307674,0.14323952870805642,17.923076923076916
MT,MT,Khánh Hòa,DB,1,P4P2,D-6,6,180,51,28,0.5490196078431373,0.3633333333333336,18.56862745098037,0.004506614026177616,1,0.0196078431372549,0.025098039215686287,-0.5490196078431385,0.7574886648522958,17.909803921568603
MN,MB,MB_BOARD,G1,1,FIRST2,W-3,21,60,60,36,0.6,0.4333333333333334,16.666666666666657,0.00666203259031103,2,0.03333333333333333,0.03150000000000002,0.18333333333333118,0.6134260137891246,17.886666666666656
MN,MB,MB_BOARD,G1,1,P1P2,W-3,21,60,60,36,0.6,0.4333333333333334,16.666666666666657,0.00666203259031103,2,0.03333333333333333,0.03150000000000002,0.18333333333333118,0.6134260137891246,17.886666666666656
MT,MB,MB_BOARD,DB,1,TAIL_HEAD,D-2,2,60,60,32,0.5333333333333333,0.35566666666666685,17.766666666666648,0.003072511326715363,1,0.016666666666666666,0.024500000000000015,-0.7833333333333349,0.7910376361153606,17.826666666666647
MT,MB,MB_BOARD,DB,1,P5P1,D-2,2,60,60,32,0.5333333333333333,0.35566666666666685,17.766666666666648,0.003072511326715363,1,0.016666666666666666,0.024500000000000015,-0.7833333333333349,0.7910376361153606,17.826666666666647
MT,MB,MB_BOARD,G2,1,FIRST2_REV,W-3,21,90,86,39,0.45348837209302323,0.3536046511627908,9.988372093023246,0.03402324288447783,7,0.08139534883720931,0.0244186046511628,5.697674418604651,0.0010558614862524653,17.825581395348827
MT,MB,MB_BOARD,G2,1,P2P1,W-3,21,90,86,39,0.45348837209302323,0.3536046511627908,9.988372093023246,0.03402324288447783,7,0.08139534883720931,0.0244186046511628,5.697674418604651,0.0010558614862524653,17.825581395348827
MT,MB,MB_BOARD,DB,1,P2P3,D-6,6,90,88,40,0.45454545454545453,0.35295454545454547,10.159090909090907,0.0298725154807287,7,0.07954545454545454,0.02443181818181819,5.511363636363635,0.0013340560111275955,17.772727272727266
MT,MT,Huế,G1,1,P2P3,W-4,28,180,36,18,0.5,0.35861111111111105,14.138888888888895,0.05534455453977385,2,0.05555555555555555,0.02527777777777779,3.027777777777776,0.26550779822198045,17.772222222222226
MT,MT,Huế,DB,1,P2P5,W-4,28,180,36,18,0.5,0.35861111111111105,14.138888888888895,0.05534455453977385,2,0.05555555555555555,0.02527777777777779,3.027777777777776,0.26550779822198045,17.772222222222226
MN,MN,TP. HCM,DB,1,LAST2,D-5,5,180,52,32,0.6153846153846154,0.4657692307692309,14.961538461538455,0.021492424624050387,3,0.057692307692307696,0.03461538461538464,2.3076923076923057,0.29770215392934474,17.730769230769223
MN,MN,TP. HCM,DB,1,P5P6,D-5,5,180,52,32,0.6153846153846154,0.4657692307692309,14.961538461538455,0.021492424624050387,3,0.057692307692307696,0.03461538461538464,2.3076923076923057,0.29770215392934474,17.730769230769223
MN,MN,TP. HCM,G7,1,FIRST2_REV,W-1,7,180,51,29,0.5686274509803921,0.4676470588235294,10.098039215686272,0.09594723190613821,5,0.09803921568627451,0.0347058823529412,6.333333333333331,0.0183738418096401,17.69803921568627
MN,MN,TP. HCM,G7,1,P2P1,W-1,7,180,51,29,0.5686274509803921,0.4676470588235294,10.098039215686272,0.09594723190613821,5,0.09803921568627451,0.0347058823529412,6.333333333333331,0.0183738418096401,17.69803921568627
MN,MB,MB_BOARD,G1,1,TAIL_HEAD,W-1,7,90,87,47,0.5402298850574713,0.43206896551724133,10.816091954022994,0.026903629225031787,7,0.08045977011494253,0.03149425287356319,4.896551724137934,0.010495776718317019,17.691954022988515
MN,MB,MB_BOARD,G1,1,P5P1,W-1,7,90,87,47,0.5402298850574713,0.43206896551724133,10.816091954022994,0.026903629225031787,7,0.08045977011494253,0.03149425287356319,4.896551724137934,0.010495776718317019,17.691954022988515
MN,MT,Đà Nẵng,DB,1,TAIL_HEAD,W-2,14,180,52,32,0.6153846153846154,0.4665384615384616,14.88461538461538,0.02208223214430112,3,0.057692307692307696,0.034423076923076945,2.326923076923075,0.2945793786710798,17.67692307692307
MN,MT,Đà Nẵng,G8,1,FIRST2,W-4,28,180,52,32,0.6153846153846154,0.4665384615384616,14.88461538461538,0.02208223214430112,3,0.057692307692307696,0.034423076923076945,2.326923076923075,0.2945793786710798,17.67692307692307
MN,MT,Đà Nẵng,G8,1,HEAD_TAIL,W-4,28,180,52,32,0.6153846153846154,0.4665384615384616,14.88461538461538,0.02208223214430112,3,0.057692307692307696,0.034423076923076945,2.326923076923075,0.2945793786710798,17.67692307692307
MN,MT,Đà Nẵng,G8,1,LAST2,W-4,28,180,52,32,0.6153846153846154,0.4665384615384616,14.88461538461538,0.02208223214430112,3,0.057692307692307696,0.034423076923076945,2.326923076923075,0.2945793786710798,17.67692307692307
MN,MT,Đà Nẵng,G8,1,P1P2,W-4,28,180,52,32,0.6153846153846154,0.4665384615384616,14.88461538461538,0.02208223214430112,3,0.057692307692307696,0.034423076923076945,2.326923076923075,0.2945793786710798,17.67692307692307
MB,MB,MB_BOARD,DB,1,HEAD_SECOND_LAST,D-2,2,90,90,32,0.35555555555555557,0.23766666666666658,11.788888888888899,0.006146009008499112,3,0.03333333333333333,0.010000000000000007,2.3333333333333326,0.04503347991466753,17.588888888888896
MB,MB,MB_BOARD,DB,1,P1P4,D-2,2,90,90,32,0.35555555555555557,0.23766666666666658,11.788888888888899,0.006146009008499112,3,0.03333333333333333,0.010000000000000007,2.3333333333333326,0.04503347991466753,17.588888888888896
MT,MT,Huế,G5,1,TAIL_HEAD,D-3,3,180,31,16,0.5161290322580645,0.34967741935483865,16.645161290322584,0.03961937697967071,1,0.03225806451612903,0.02451612903225808,0.7741935483870952,0.6186606007319277,17.574193548387097
MT,MT,Huế,G5,1,P4P1,D-3,3,180,31,16,0.5161290322580645,0.34967741935483865,16.645161290322584,0.03961937697967071,1,0.03225806451612903,0.02451612903225808,0.7741935483870952,0.6186606007319277,17.574193548387097
MN,MN,TP. HCM,G2,1,P2P4,D-3,3,180,51,26,0.5098039215686274,0.41588235294117665,9.392156862745077,0.11145773910132137,5,0.09803921568627451,0.030000000000000023,6.803921568627448,0.007385400154829032,17.556862745098016
MN,MB,MB_BOARD,G2,2,P1P3,W-4,28,60,60,37,0.6166666666666667,0.4333333333333334,18.33333333333333,0.003114155785199903,1,0.016666666666666666,0.03150000000000002,-1.4833333333333354,0.8478808756620632,17.553333333333327
MN,MB,MB_BOARD,G2,2,P5P2,D-3,3,60,60,37,0.6166666666666667,0.4333333333333334,18.33333333333333,0.003114155785199903,1,0.016666666666666666,0.03150000000000002,-1.4833333333333354,0.8478808756620632,17.553333333333327
MT,MT,Đà Nẵng,G2,1,P1P3,W-3,21,180,52,27,0.5192307692307693,0.36000000000000004,15.923076923076923,0.012297936743724435,2,0.038461538461538464,0.02500000000000002,1.3461538461538445,0.4295004052060517,17.538461538461537
MN,MB,MB_BOARD,G2,2,LAST2,W-3,21,90,86,51,0.5930232558139535,0.43244186046511623,16.05813953488373,0.0018832964989321144,3,0.03488372093023256,0.031511627906976716,0.3372093023255841,0.5515682819957541,17.46279069767443
MN,MB,MB_BOARD,G2,2,P4P5,W-3,21,90,86,51,0.5930232558139535,0.43244186046511623,16.05813953488373,0.0018832964989321144,3,0.03488372093023256,0.031511627906976716,0.3372093023255841,0.5515682819957541,17.46279069767443
MT,MT,Khánh Hòa,G1,1,LAST2_REV,D-4,4,180,52,30,0.5769230769230769,0.4124999999999999,16.442307692307693,0.011674911935875587,2,0.038461538461538464,0.030000000000000023,0.846153846153844,0.5194509570460595,17.457692307692305
MT,MT,Khánh Hòa,G1,1,P5P4,D-4,4,180,52,30,0.5769230769230769,0.4124999999999999,16.442307692307693,0.011674911935875587,2,0.038461538461538464,0.030000000000000023,0.846153846153844,0.5194509570460595,17.457692307692305
MT,MT,Huế,G2,1,P1P3,D-5,5,180,31,15,0.4838709677419355,0.35870967741935483,12.516129032258066,0.10280702704456064,2,0.06451612903225806,0.0238709677419355,4.064516129032256,0.1856022407326722,17.39354838709677
MN,MB,MB_BOARD,G2,2,FIRST2_REV,W-2,14,180,176,95,0.5397727272727273,0.4335227272727274,10.62499999999999,0.002817217795304091,11,0.0625,0.031193181818181828,3.130681818181817,0.014914040614233431,17.38181818181817
MN,MB,MB_BOARD,G2,2,P2P1,W-2,14,180,176,95,0.5397727272727273,0.4335227272727274,10.62499999999999,0.002817217795304091,11,0.0625,0.031193181818181828,3.130681818181817,0.014914040614233431,17.38181818181817
MT,MT,Huế,DB,1,P5P2,W-1,7,180,31,14,0.45161290322580644,0.36387096774193545,8.7741935483871,0.2036217147662645,3,0.0967741935483871,0.025483870967741948,7.129032258064514,0.025654087816252957,17.329032258064515
MT,MB,MB_BOARD,G1,1,P5P3,D-6,6,90,88,42,0.4772727272727273,0.35295454545454547,12.431818181818183,0.009934805389967353,5,0.056818181818181816,0.02443181818181819,3.238636363636363,0.05233413485355729,17.31818181818182
MN,MN,TP. HCM,DB,1,P4P1,W-3,21,180,51,30,0.5882352941176471,0.4676470588235294,12.058823529411766,0.05641056717391175,4,0.0784313725490196,0.0347058823529412,4.372549019607841,0.09283169454842809,17.305882352941175
MT,MT,Huế,G7,1,TAIL_HEAD,W-3,21,180,34,18,0.5294117647058824,0.36147058823529404,16.794117647058833,0.03145537263279674,1,0.029411764705882353,0.025294117647058835,0.41176470588235176,0.6529151089104389,17.288235294117655
MT,MT,Huế,G7,1,P3P1,W-3,21,180,34,18,0.5294117647058824,0.36147058823529404,16.794117647058833,0.03145537263279674,1,0.029411764705882353,0.025294117647058835,0.41176470588235176,0.6529151089104389,17.288235294117655
MN,MB,MB_BOARD,DB,1,P5P2,D-6,6,60,60,32,0.5333333333333333,0.4333333333333334,9.999999999999993,0.07594495348777604,5,0.08333333333333333,0.03150000000000002,5.183333333333331,0.02685783194756164,17.21999999999999
MN,MB,MB_BOARD,G2,1,P2P4,W-1,7,60,60,32,0.5333333333333333,0.4333333333333334,9.999999999999993,0.07594495348777604,5,0.08333333333333333,0.03150000000000002,5.183333333333331,0.02685783194756164,17.21999999999999
MN,MT,Khánh Hòa,DB,1,P5P2,W-2,14,180,52,29,0.5576923076923077,0.4196153846153846,13.80769230769231,0.030251089014642827,3,0.057692307692307696,0.029423076923076944,2.8269230769230753,0.21301709869913088,17.2
MN,MN,TP. HCM,DB,1,P1P3,D-3,3,180,51,27,0.5294117647058824,0.41588235294117665,11.352941176470571,0.0664301451952279,4,0.0784313725490196,0.030000000000000023,4.843137254901958,0.052929245884517244,17.16470588235292
MT,MT,Đà Nẵng,DB,1,P2P4,W-4,28,180,52,22,0.4230769230769231,0.36000000000000004,6.307692307692303,0.2109412294213455,6,0.11538461538461539,0.02500000000000002,9.038461538461537,9.552315817077502e-05,17.153846153846146
MT,MB,MB_BOARD,G1,1,P3P2,D-3,3,90,90,41,0.45555555555555555,0.35200000000000004,10.35555555555555,0.025788187775313665,5,0.05555555555555555,0.024333333333333342,3.122222222222221,0.057019236319475766,17.102222222222217
MN,MB,MB_BOARD,G2,2,P5P2,D-3,3,180,176,99,0.5625,0.432784090909091,12.971590909090903,0.00034038205236737505,7,0.03977272727272727,0.031136363636363643,0.863636363636363,0.3290027850737614,17.007954545454538
MN,MB,MB_BOARD,G2,1,P4P3,D-3,3,90,90,50,0.5555555555555556,0.4317777777777777,12.377777777777787,0.011778290462038014,4,0.044444444444444446,0.031444444444444414,1.3000000000000032,0.3428537779421809,16.93777777777779
MN,MT,Đà Nẵng,DB,1,P1P2,W-2,14,180,52,34,0.6538461538461539,0.4665384615384616,18.730769230769223,0.005107382448205548,1,0.019230769230769232,0.034423076923076945,-1.5192307692307714,0.8367597419625783,16.907692307692297
MN,MT,Đà Nẵng,DB,1,FIRST2,W-2,14,180,52,34,0.6538461538461539,0.4665384615384616,18.730769230769223,0.005107382448205548,1,0.019230769230769232,0.034423076923076945,-1.5192307692307714,0.8367597419625783,16.907692307692297
MT,MT,Khánh Hòa,DB,1,P6P4,W-2,14,180,52,24,0.46153846153846156,0.35480769230769227,10.67307692307693,0.0716395663521756,4,0.07692307692307693,0.02500000000000002,5.192307692307691,0.02534418742536154,16.90384615384616
MN,MB,MB_BOARD,G2,1,TAIL_HEAD,W-2,14,60,60,33,0.55,0.4333333333333334,11.666666666666664,0.045188455929291584,4,0.06666666666666667,0.03150000000000002,3.5166666666666644,0.11702416527648819,16.886666666666663
MN,MB,MB_BOARD,G2,1,P5P1,W-2,14,60,60,33,0.55,0.4333333333333334,11.666666666666664,0.045188455929291584,4,0.06666666666666667,0.03150000000000002,3.5166666666666644,0.11702416527648819,16.886666666666663
MN,MB,MB_BOARD,G2,1,P5P2,D-6,6,60,60,33,0.55,0.4333333333333334,11.666666666666664,0.045188455929291584,4,0.06666666666666667,0.03150000000000002,3.5166666666666644,0.11702416527648819,16.886666666666663
MT,MB,MB_BOARD,G1,1,P5P3,D-3,3,90,90,42,0.4666666666666667,0.35200000000000004,11.466666666666663,0.015103641897009605,4,0.044444444444444446,0.024333333333333342,2.01111111111111,0.18507652341180741,16.879999999999995
MB,MB,MB_BOARD,G2,1,P3P4,D-6,6,60,60,22,0.36666666666666664,0.23633333333333348,13.033333333333315,0.013059366907124698,2,0.03333333333333333,0.010000000000000005,2.3333333333333326,0.12145413045216209,16.833333333333314
MB,MB,MB_BOARD,G2,2,P3P4,W-2,14,60,60,22,0.36666666666666664,0.23633333333333348,13.033333333333315,0.013059366907124698,2,0.03333333333333333,0.010000000000000005,2.3333333333333326,0.12145413045216209,16.833333333333314
MT,MB,MB_BOARD,DB,1,P3P4,D-1,1,60,60,29,0.48333333333333334,0.35566666666666685,12.766666666666648,0.026747508669725226,3,0.05,0.024500000000000015,2.549999999999999,0.19485824258196202,16.826666666666647
MT,MB,MB_BOARD,G2,1,P4P1,D-1,1,60,60,29,0.48333333333333334,0.35566666666666685,12.766666666666648,0.026747508669725226,3,0.05,0.024500000000000015,2.549999999999999,0.19485824258196202,16.826666666666647
MN,MT,Khánh Hòa,G2,1,FIRST2,W-1,7,180,52,30,0.5769230769230769,0.4196153846153846,15.730769230769226,0.015459191422697076,2,0.038461538461538464,0.029423076923076944,0.903846153846152,0.5098203452802802,16.81538461538461
MN,MT,Khánh Hòa,G2,1,P1P2,W-1,7,180,52,30,0.5769230769230769,0.4196153846153846,15.730769230769226,0.015459191422697076,2,0.038461538461538464,0.029423076923076944,0.903846153846152,0.5098203452802802,16.81538461538461
MN,MT,Đà Nẵng,G1,1,FIRST2,D-5,5,180,51,27,0.5294117647058824,0.41980392156862745,10.96078431372549,0.07434383427984866,4,0.0784313725490196,0.030000000000000023,4.843137254901958,0.052929245884517244,16.77254901960784
MN,MT,Đà Nẵng,G1,1,P1P2,D-5,5,180,51,27,0.5294117647058824,0.41980392156862745,10.96078431372549,0.07434383427984866,4,0.0784313725490196,0.030000000000000023,4.843137254901958,0.052929245884517244,16.77254901960784
MT,MT,Huế,G1,1,P3P4,D-5,5,180,31,16,0.5161290322580645,0.35870967741935483,15.741935483870966,0.05048274993556079,1,0.03225806451612903,0.0238709677419355,0.8387096774193532,0.6111758779727317,16.74838709677419
MN,MN,TP. HCM,DB,1,P5P1,D-2,2,180,51,27,0.5294117647058824,0.42058823529411754,10.882352941176482,0.07600536757082399,4,0.0784313725490196,0.029803921568627472,4.8627450980392135,0.051500772696082435,16.717647058823538
MN,MB,MB_BOARD,G2,2,P2P3,W-2,14,90,86,48,0.5581395348837209,0.43302325581395346,12.511627906976747,0.012779359007781927,5,0.05813953488372093,0.031511627906976716,2.662790697674421,0.1346024498730868,16.70697674418605
MT,MT,Huế,G2,1,LAST2_REV,D-6,6,180,31,18,0.5806451612903226,0.41645161290322585,16.419354838709676,0.04723375170292458,1,0.03225806451612903,0.03000000000000002,0.22580645161290117,0.6746291035850241,16.69032258064516
MT,MT,Huế,G2,1,P5P4,D-6,6,180,31,18,0.5806451612903226,0.41645161290322585,16.419354838709676,0.04723375170292458,1,0.03225806451612903,0.03000000000000002,0.22580645161290117,0.6746291035850241,16.69032258064516
MT,MT,Huế,G1,1,P3P4,D-6,6,180,31,18,0.5806451612903226,0.41645161290322585,16.419354838709676,0.04723375170292458,1,0.03225806451612903,0.03000000000000002,0.22580645161290117,0.6746291035850241,16.69032258064516
MT,MT,Khánh Hòa,G7,1,LAST2,D-5,5,180,51,24,0.47058823529411764,0.30411764705882355,16.64705882352941,0.007506762805353344,1,0.0196078431372549,0.019607843137254912,-1.0408340855860843e-15,0.6932118891231505,16.64705882352941
MT,MT,Khánh Hòa,G7,1,SECOND_HEAD_TAIL,D-5,5,180,51,24,0.47058823529411764,0.30411764705882355,16.64705882352941,0.007506762805353344,1,0.0196078431372549,0.019607843137254912,-1.0408340855860843e-15,0.6932118891231505,16.64705882352941
MT,MT,Khánh Hòa,G7,1,P2P3,D-5,5,180,51,24,0.47058823529411764,0.30411764705882355,16.64705882352941,0.007506762805353344,1,0.0196078431372549,0.019607843137254912,-1.0408340855860843e-15,0.6932118891231505,16.64705882352941
MT,MT,Khánh Hòa,DB,1,P6P3,D-5,5,180,51,24,0.47058823529411764,0.30411764705882355,16.64705882352941,0.007506762805353344,1,0.0196078431372549,0.019607843137254912,-1.0408340855860843e-15,0.6932118891231505,16.64705882352941
MT,MB,MB_BOARD,G2,1,P5P2,W-1,7,90,87,36,0.41379310344827586,0.35252873563218395,6.12643678160919,0.1392096733040748,9,0.10344827586206896,0.024367816091954035,7.9080459770114935,4.5783494402333055e-06,16.616091954022984
MN,MN,TP. HCM,G1,1,P5P3,D-6,6,180,52,30,0.5769230769230769,0.42173076923076924,15.519230769230763,0.016762176488576204,2,0.038461538461538464,0.029615384615384637,0.8846153846153827,0.5130514947603224,16.58076923076922
MT,MT,Khánh Hòa,G1,1,P3P2,W-1,7,180,52,25,0.4807692307692308,0.35480769230769227,12.596153846153852,0.039755745531757355,3,0.057692307692307696,0.02500000000000002,3.2692307692307674,0.14323952870805642,16.519230769230774
MT,MT,Đà Nẵng,G2,1,FIRST2_REV,D-4,4,180,52,25,0.4807692307692308,0.35480769230769227,12.596153846153852,0.039755745531757355,3,0.057692307692307696,0.02500000000000002,3.2692307692307674,0.14323952870805642,16.519230769230774
MT,MT,Đà Nẵng,G2,1,P2P1,D-4,4,180,52,25,0.4807692307692308,0.35480769230769227,12.596153846153852,0.039755745531757355,3,0.057692307692307696,0.02500000000000002,3.2692307692307674,0.14323952870805642,16.519230769230774
MT,MB,MB_BOARD,G2,1,P5P2,W-1,7,60,60,24,0.4,0.35566666666666685,4.433333333333317,0.2801125708970597,7,0.11666666666666667,0.024500000000000015,9.216666666666665,1.3319328574669865e-05,16.493333333333315
MN,MN,TP. HCM,G5,1,P3P1,D-4,4,180,52,30,0.5769230769230769,0.4225,15.442307692307688,0.017257847669757215,2,0.038461538461538464,0.02980769230769233,0.8653846153846133,0.5162616641828156,16.480769230769223
MB,MT,Khánh Hòa,G2,1,FIRST2,W-4,28,180,51,20,0.39215686274509803,0.2390196078431374,15.313725490196065,0.008195364311930136,1,0.0196078431372549,0.010000000000000004,0.9607843137254898,0.5056142667668168,16.466666666666654
MB,MT,Khánh Hòa,G1,1,LAST2_REV,W-3,21,180,51,20,0.39215686274509803,0.2390196078431374,15.313725490196065,0.008195364311930136,1,0.0196078431372549,0.010000000000000004,0.9607843137254898,0.5056142667668168,16.466666666666654
MB,MT,Khánh Hòa,G2,1,P1P2,W-4,28,180,51,20,0.39215686274509803,0.2390196078431374,15.313725490196065,0.008195364311930136,1,0.0196078431372549,0.010000000000000004,0.9607843137254898,0.5056142667668168,16.466666666666654
MB,MT,Khánh Hòa,G1,1,P5P4,W-3,21,180,51,20,0.39215686274509803,0.2390196078431374,15.313725490196065,0.008195364311930136,1,0.0196078431372549,0.010000000000000004,0.9607843137254898,0.5056142667668168,16.466666666666654
MT,MB,MB_BOARD,G2,2,FIRST2,D-1,1,90,90,44,0.4888888888888889,0.35200000000000004,13.688888888888883,0.004543287493767712,2,0.022222222222222223,0.024333333333333342,-0.21111111111111192,0.6815499105169607,16.43555555555555
MT,MB,MB_BOARD,G2,2,P1P2,D-1,1,90,90,44,0.4888888888888889,0.35200000000000004,13.688888888888883,0.004543287493767712,2,0.022222222222222223,0.024333333333333342,-0.21111111111111192,0.6815499105169607,16.43555555555555
MT,MB,MB_BOARD,G2,2,P5P2,W-1,7,90,87,43,0.4942528735632184,0.35252873563218395,14.172413793103445,0.003968793269791572,3,0.034482758620689655,0.024367816091954035,1.011494252873562,0.39580357869260496,16.38620689655172
MN,MT,Đà Nẵng,G7,1,SECOND_HEAD_TAIL,D-5,5,180,51,28,0.5490196078431373,0.41980392156862745,12.921568627450986,0.04200202136530467,3,0.058823529411764705,0.030000000000000023,2.8823529411764683,0.21294832139794445,16.380392156862747
MN,MT,Đà Nẵng,G7,1,LAST2,D-5,5,180,51,28,0.5490196078431373,0.41980392156862745,12.921568627450986,0.04200202136530467,3,0.058823529411764705,0.030000000000000023,2.8823529411764683,0.21294832139794445,16.380392156862747
MT,MT,Khánh Hòa,G2,1,P3P4,D-6,6,180,51,26,0.5098039215686274,0.3633333333333336,14.64705882352938,0.021215594275844695,2,0.0392156862745098,0.025098039215686287,1.4117647058823517,0.4219366617217241,16.341176470588202
MN,MB,MB_BOARD,G2,1,P3P1,D-2,2,60,60,35,0.5833333333333334,0.4333333333333334,14.999999999999996,0.01339847436385373,2,0.03333333333333333,0.03150000000000002,0.18333333333333118,0.6134260137891246,16.21999999999999
MT,MT,Huế,G1,1,LAST2_REV,W-2,14,180,33,16,0.48484848484848486,0.3651515151515151,11.969696969696974,0.10613343962152991,2,0.06060606060606061,0.025454545454545466,3.5151515151515142,0.2328592597301519,16.18787878787879
MT,MT,Huế,G1,1,P2P4,W-2,14,180,33,16,0.48484848484848486,0.3651515151515151,11.969696969696974,0.10613343962152991,2,0.06060606060606061,0.025454545454545466,3.5151515151515142,0.2328592597301519,16.18787878787879
MT,MT,Huế,G1,1,P5P4,W-2,14,180,33,16,0.48484848484848486,0.3651515151515151,11.969696969696974,0.10613343962152991,2,0.06060606060606061,0.025454545454545466,3.5151515151515142,0.2328592597301519,16.18787878787879
MT,MT,Huế,DB,1,TAIL_HEAD,D-4,4,180,31,15,0.4838709677419355,0.3696774193548387,11.419354838709678,0.1290071380820864,2,0.06451612903225806,0.024838709677419368,3.967741935483869,0.19977069742098968,16.18064516129032
MT,MT,Huế,DB,1,P6P1,D-4,4,180,31,15,0.4838709677419355,0.3696774193548387,11.419354838709678,0.1290071380820864,2,0.06451612903225806,0.024838709677419368,3.967741935483869,0.19977069742098968,16.18064516129032
MB,MB,MB_BOARD,DB,1,P3P4,D-2,2,60,60,24,0.4,0.23633333333333348,16.366666666666653,0.0023113537083001645,0,0.0,0.010000000000000005,-1.0000000000000004,1.0,16.16666666666665
MT,MB,MB_BOARD,DB,1,P3P4,D-3,3,60,60,31,0.5166666666666667,0.35566666666666685,16.099999999999987,0.006750711841277779,1,0.016666666666666666,0.024500000000000015,-0.7833333333333349,0.7910376361153606,16.159999999999986
MT,MB,MB_BOARD,G2,1,LAST2_REV,D-6,6,60,60,31,0.5166666666666667,0.35566666666666685,16.099999999999987,0.006750711841277779,1,0.016666666666666666,0.024500000000000015,-0.7833333333333349,0.7910376361153606,16.159999999999986
MT,MB,MB_BOARD,G2,1,P4P3,D-3,3,60,60,31,0.5166666666666667,0.35566666666666685,16.099999999999987,0.006750711841277779,1,0.016666666666666666,0.024500000000000015,-0.7833333333333349,0.7910376361153606,16.159999999999986
MT,MB,MB_BOARD,G2,1,P5P4,D-6,6,60,60,31,0.5166666666666667,0.35566666666666685,16.099999999999987,0.006750711841277779,1,0.016666666666666666,0.024500000000000015,-0.7833333333333349,0.7910376361153606,16.159999999999986
MT,MB,MB_BOARD,G2,1,FIRST2_REV,W-3,21,60,60,25,0.4166666666666667,0.35566666666666685,6.099999999999984,0.19705533472654652,6,0.1,0.024500000000000015,7.549999999999998,0.00038220622056895774,16.159999999999982
MT,MB,MB_BOARD,G2,1,P2P1,W-3,21,60,60,25,0.4166666666666667,0.35566666666666685,6.099999999999984,0.19705533472654652,6,0.1,0.024500000000000015,7.549999999999998,0.00038220622056895774,16.159999999999982
MT,MB,MB_BOARD,G2,2,SECOND_HEAD_TAIL,W-1,7,90,87,44,0.5057471264367817,0.35252873563218395,15.321839080459771,0.001993943178659176,2,0.022988505747126436,0.024367816091954035,-0.13793103448275987,0.6668031357387868,16.15632183908046
MT,MB,MB_BOARD,G2,2,P2P5,W-1,7,90,87,44,0.5057471264367817,0.35252873563218395,15.321839080459771,0.001993943178659176,2,0.022988505747126436,0.024367816091954035,-0.13793103448275987,0.6668031357387868,16.15632183908046
MN,MT,Đà Nẵng,G1,1,LAST2_REV,W-4,28,180,52,30,0.5769230769230769,0.4665384615384616,11.038461538461524,0.0726161806428366,4,0.07692307692307693,0.034423076923076945,4.249999999999998,0.09668108582723069,16.13846153846152
MN,MT,Đà Nẵng,G1,1,P5P4,W-4,28,180,52,30,0.5769230769230769,0.4665384615384616,11.038461538461524,0.0726161806428366,4,0.07692307692307693,0.034423076923076945,4.249999999999998,0.09668108582723069,16.13846153846152
MT,MT,Huế,G5,1,LAST2,D-5,5,180,31,17,0.5483870967741935,0.35870967741935483,18.96774193548387,0.02196995453553825,0,0.0,0.0238709677419355,-2.38709677419355,1.0,16.103225806451608
MT,MT,Huế,G5,1,P3P4,D-5,5,180,31,17,0.5483870967741935,0.35870967741935483,18.96774193548387,0.02196995453553825,0,0.0,0.0238709677419355,-2.38709677419355,1.0,16.103225806451608
MT,MT,Huế,DB,1,SECOND_HEAD_TAIL,D-5,5,180,31,17,0.5483870967741935,0.35870967741935483,18.96774193548387,0.02196995453553825,0,0.0,0.0238709677419355,-2.38709677419355,1.0,16.103225806451608
MT,MT,Huế,DB,1,P2P6,D-5,5,180,31,17,0.5483870967741935,0.35870967741935483,18.96774193548387,0.02196995453553825,0,0.0,0.0238709677419355,-2.38709677419355,1.0,16.103225806451608
MN,MN,TP. HCM,G2,1,HEAD_SECOND_LAST,D-4,4,180,52,31,0.5961538461538461,0.4225,17.365384615384617,0.008316122283576383,1,0.019230769230769232,0.02980769230769233,-1.05769230769231,0.804066947230932,16.096153846153847
MN,MN,TP. HCM,G2,1,P1P4,D-4,4,180,52,31,0.5961538461538461,0.4225,17.365384615384617,0.008316122283576383,1,0.019230769230769232,0.02980769230769233,-1.05769230769231,0.804066947230932,16.096153846153847
MN,MB,MB_BOARD,G2,2,P3P1,D-1,1,90,90,48,0.5333333333333333,0.4317777777777777,10.155555555555562,0.03298204150174869,5,0.05555555555555555,0.031444444444444414,2.411111111111114,0.15655984290898567,16.048888888888897
MT,MT,Huế,DB,1,P1P3,W-1,7,180,31,16,0.5161290322580645,0.36387096774193545,15.225806451612906,0.057584393618141404,1,0.03225806451612903,0.025483870967741948,0.6774193548387084,0.6294942139633501,16.038709677419355
MT,MT,Huế,DB,1,P3P1,W-1,7,180,31,16,0.5161290322580645,0.36387096774193545,15.225806451612906,0.057584393618141404,1,0.03225806451612903,0.025483870967741948,0.6774193548387084,0.6294942139633501,16.038709677419355
MT,MT,Khánh Hòa,G2,1,P3P1,D-3,3,180,52,25,0.4807692307692308,0.36000000000000004,12.076923076923073,0.04747168112259814,3,0.057692307692307696,0.02500000000000002,3.2692307692307674,0.14323952870805642,15.999999999999993
MT,MT,Đà Nẵng,G1,1,LAST2,W-4,28,180,52,25,0.4807692307692308,0.36000000000000004,12.076923076923073,0.04747168112259814,3,0.057692307692307696,0.02500000000000002,3.2692307692307674,0.14323952870805642,15.999999999999993
MT,MT,Đà Nẵng,G1,1,P4P5,W-4,28,180,52,25,0.4807692307692308,0.36000000000000004,12.076923076923073,0.04747168112259814,3,0.057692307692307696,0.02500000000000002,3.2692307692307674,0.14323952870805642,15.999999999999993
MN,MB,MB_BOARD,G2,1,TAIL_HEAD,W-4,28,180,176,96,0.5454545454545454,0.43323863636363646,11.221590909090896,0.0017042853225349946,8,0.045454545454545456,0.031193181818181828,1.4261363636363629,0.19172751484367342,15.932954545454532
MN,MB,MB_BOARD,G2,1,P5P1,W-4,28,180,176,96,0.5454545454545454,0.43323863636363646,11.221590909090896,0.0017042853225349946,8,0.045454545454545456,0.031193181818181828,1.4261363636363629,0.19172751484367342,15.932954545454532
MT,MT,Khánh Hòa,G5,1,HEAD_TAIL,D-4,4,180,52,28,0.5384615384615384,0.4124999999999999,12.596153846153852,0.044165551349864725,3,0.057692307692307696,0.030000000000000023,2.7692307692307674,0.222388368612303,15.919230769230772
MT,MT,Khánh Hòa,G5,1,P1P4,D-4,4,180,52,28,0.5384615384615384,0.4124999999999999,12.596153846153852,0.044165551349864725,3,0.057692307692307696,0.030000000000000023,2.7692307692307674,0.222388368612303,15.919230769230772
MN,MB,MB_BOARD,DB,1,FIRST2_REV,W-1,7,90,87,49,0.5632183908045977,0.43206896551724133,13.114942528735634,0.009106881893749835,4,0.04597701149425287,0.03149425287356319,1.4482758620689686,0.32041515538837273,15.852873563218397
MN,MB,MB_BOARD,DB,1,P2P1,W-1,7,90,87,49,0.5632183908045977,0.43206896551724133,13.114942528735634,0.009106881893749835,4,0.04597701149425287,0.03149425287356319,1.4482758620689686,0.32041515538837273,15.852873563218397
MN,MB,MB_BOARD,DB,1,P2P4,W-1,7,90,87,49,0.5632183908045977,0.43206896551724133,13.114942528735634,0.009106881893749835,4,0.04597701149425287,0.03149425287356319,1.4482758620689686,0.32041515538837273,15.852873563218397
MB,MB,MB_BOARD,G2,1,P3P5,W-4,28,60,60,19,0.31666666666666665,0.23633333333333348,8.033333333333317,0.09462764774247273,4,0.06666666666666667,0.010000000000000005,5.666666666666666,8.402930325531736e-05,15.833333333333316
MN,MB,MB_BOARD,G2,1,LAST2,D-2,2,90,90,49,0.5444444444444444,0.4317777777777777,11.26666666666667,0.020110287018396348,4,0.044444444444444446,0.031444444444444414,1.3000000000000032,0.3428537779421809,15.826666666666673
MN,MB,MB_BOARD,G2,1,P4P5,D-2,2,90,90,49,0.5444444444444444,0.4317777777777777,11.26666666666667,0.020110287018396348,4,0.044444444444444446,0.031444444444444414,1.3000000000000032,0.3428537779421809,15.826666666666673
MT,MB,MB_BOARD,DB,1,HEAD_TAIL,D-1,1,60,60,26,0.43333333333333335,0.35566666666666685,7.76666666666665,0.13095979882659828,5,0.08333333333333333,0.024500000000000015,5.883333333333331,0.0056984118912542,15.826666666666647
MT,MB,MB_BOARD,DB,1,P1P5,D-1,1,60,60,26,0.43333333333333335,0.35566666666666685,7.76666666666665,0.13095979882659828,5,0.08333333333333333,0.024500000000000015,5.883333333333331,0.0056984118912542,15.826666666666647
MT,MB,MB_BOARD,DB,1,P2P3,D-4,4,60,60,26,0.43333333333333335,0.35566666666666685,7.76666666666665,0.13095979882659828,5,0.08333333333333333,0.024500000000000015,5.883333333333331,0.0056984118912542,15.826666666666647
MT,MB,MB_BOARD,G2,2,P3P4,D-4,4,60,60,26,0.43333333333333335,0.35566666666666685,7.76666666666665,0.13095979882659828,5,0.08333333333333333,0.024500000000000015,5.883333333333331,0.0056984118912542,15.826666666666647
MT,MB,MB_BOARD,DB,1,P2P4,D-1,1,90,90,41,0.45555555555555555,0.35200000000000004,10.35555555555555,0.025788187775313665,4,0.044444444444444446,0.024333333333333342,2.01111111111111,0.18507652341180741,15.768888888888883
MN,MT,Đà Nẵng,G2,1,P2P1,W-3,21,180,52,31,0.5961538461538461,0.4665384615384616,12.961538461538453,0.04140998383428598,3,0.057692307692307696,0.034423076923076945,2.326923076923075,0.2945793786710798,15.753846153846142
MN,MT,Đà Nẵng,G2,1,FIRST2_REV,W-3,21,180,52,31,0.5961538461538461,0.4665384615384616,12.961538461538453,0.04140998383428598,3,0.057692307692307696,0.034423076923076945,2.326923076923075,0.2945793786710798,15.753846153846142
MN,MT,Khánh Hòa,G1,1,P4P3,D-3,3,180,52,31,0.5961538461538461,0.4665384615384616,12.961538461538453,0.04140998383428598,3,0.057692307692307696,0.034423076923076945,2.326923076923075,0.2945793786710798,15.753846153846142
MT,MT,Khánh Hòa,G2,1,P1P3,W-4,28,180,52,27,0.5192307692307693,0.35480769230769227,16.4423076923077,0.009818665211750018,1,0.019230769230769232,0.02500000000000002,-0.5769230769230786,0.7613292629814068,15.750000000000005
MN,MN,TP. HCM,G5,1,LAST2,W-3,21,180,51,28,0.5490196078431373,0.4676470588235294,8.13725490196079,0.15283473180989088,5,0.09803921568627451,0.0347058823529412,6.333333333333331,0.0183738418096401,15.737254901960785
MN,MN,TP. HCM,G5,1,P3P4,W-3,21,180,51,28,0.5490196078431373,0.4676470588235294,8.13725490196079,0.15283473180989088,5,0.09803921568627451,0.0347058823529412,6.333333333333331,0.0183738418096401,15.737254901960785
MB,MT,Khánh Hòa,G1,1,P2P1,W-2,14,180,51,16,0.3137254901960784,0.2390196078431374,7.4705882352941035,0.13856825763276392,4,0.0784313725490196,0.010000000000000004,6.84313725490196,1.2886035489445082e-05,15.682352941176454
MB,MT,Khánh Hòa,G1,1,FIRST2_REV,W-2,14,180,51,16,0.3137254901960784,0.2390196078431374,7.4705882352941035,0.13856825763276392,4,0.0784313725490196,0.010000000000000004,6.84313725490196,1.2886035489445082e-05,15.682352941176454
MT,MB,MB_BOARD,G2,1,P4P3,W-3,21,180,176,75,0.42613636363636365,0.3523863636363636,7.3750000000000036,0.024464834168896242,12,0.06818181818181818,0.024261363636363605,4.392045454545457,0.0001984971745047486,15.645454545454552
MT,MT,Huế,DB,1,P3P5,D-3,3,180,31,13,0.41935483870967744,0.34967741935483865,6.967741935483879,0.26591514875203537,3,0.0967741935483871,0.02451612903225808,7.225806451612901,0.02164805062276835,15.63870967741936
MB,MT,Khánh Hòa,DB,1,P3P4,D-1,1,180,49,15,0.30612244897959184,0.23632653061224504,6.979591836734681,0.16307040276866872,4,0.08163265306122448,0.009795918367346943,7.183673469387754,5.920286924439685e-06,15.599999999999985
MB,MB,MB_BOARD,DB,1,P3P5,D-3,3,90,90,29,0.32222222222222224,0.23766666666666658,8.455555555555566,0.039142403145758564,4,0.044444444444444446,0.010000000000000007,3.4444444444444438,0.0029395662473472276,15.5888888888889
MT,MB,MB_BOARD,G2,1,LAST2_REV,D-6,6,180,176,82,0.4659090909090909,0.3521022727272727,11.38068181818182,0.0010274460999425933,6,0.03409090909090909,0.024261363636363605,0.9829545454545483,0.27338958194443774,15.560227272727278
MT,MB,MB_BOARD,G2,1,P5P4,D-6,6,180,176,82,0.4659090909090909,0.3521022727272727,11.38068181818182,0.0010274460999425933,6,0.03409090909090909,0.024261363636363605,0.9829545454545483,0.27338958194443774,15.560227272727278
MN,MB,MB_BOARD,G1,1,P5P3,D-4,4,60,60,31,0.5166666666666667,0.4333333333333334,8.333333333333332,0.12052572651966108,5,0.08333333333333333,0.03150000000000002,5.183333333333331,0.02685783194756164,15.55333333333333
MN,MB,MB_BOARD,G2,2,TAIL_HEAD,D-1,1,60,60,31,0.5166666666666667,0.4333333333333334,8.333333333333332,0.12052572651966108,5,0.08333333333333333,0.03150000000000002,5.183333333333331,0.02685783194756164,15.55333333333333
MN,MB,MB_BOARD,G2,2,P5P1,D-1,1,60,60,31,0.5166666666666667,0.4333333333333334,8.333333333333332,0.12052572651966108,5,0.08333333333333333,0.03150000000000002,5.183333333333331,0.02685783194756164,15.55333333333333
MT,MT,Huế,DB,1,FIRST2_REV,D-4,4,180,31,16,0.5161290322580645,0.3696774193548387,14.645161290322578,0.06639781817059705,1,0.03225806451612903,0.024838709677419368,0.7419354838709664,0.6223230228151149,15.535483870967738
MT,MT,Huế,DB,1,P2P1,D-4,4,180,31,16,0.5161290322580645,0.3696774193548387,14.645161290322578,0.06639781817059705,1,0.03225806451612903,0.024838709677419368,0.7419354838709664,0.6223230228151149,15.535483870967738
MT,MT,Khánh Hòa,G1,1,P3P5,D-2,2,180,51,21,0.4117647058823529,0.3047058823529413,10.70588235294116,0.06565709361618262,3,0.058823529411764705,0.019607843137254912,3.921568627450979,0.06489560542228172,15.411764705882334
MN,MB,MB_BOARD,DB,1,HEAD_SECOND_LAST,D-4,4,90,90,45,0.5,0.4317777777777777,6.82222222222223,0.1150228027017241,7,0.07777777777777778,0.031444444444444414,4.633333333333336,0.01332116123116902,15.382222222222232
MN,MB,MB_BOARD,DB,1,P1P4,D-4,4,90,90,45,0.5,0.4317777777777777,6.82222222222223,0.1150228027017241,7,0.07777777777777778,0.031444444444444414,4.633333333333336,0.01332116123116902,15.382222222222232
MN,MT,Khánh Hòa,G8,1,HEAD_TAIL,D-3,3,180,52,32,0.6153846153846154,0.4665384615384616,14.88461538461538,0.02208223214430112,2,0.038461538461538464,0.034423076923076945,0.40384615384615186,0.5872926179221745,15.369230769230763
MN,MT,Khánh Hòa,G8,1,FIRST2,D-3,3,180,52,32,0.6153846153846154,0.4665384615384616,14.88461538461538,0.02208223214430112,2,0.038461538461538464,0.034423076923076945,0.40384615384615186,0.5872926179221745,15.369230769230763
MN,MT,Khánh Hòa,G8,1,LAST2,D-3,3,180,52,32,0.6153846153846154,0.4665384615384616,14.88461538461538,0.02208223214430112,2,0.038461538461538464,0.034423076923076945,0.40384615384615186,0.5872926179221745,15.369230769230763
MN,MT,Khánh Hòa,G8,1,P1P2,D-3,3,180,52,32,0.6153846153846154,0.4665384615384616,14.88461538461538,0.02208223214430112,2,0.038461538461538464,0.034423076923076945,0.40384615384615186,0.5872926179221745,15.369230769230763
MB,MB,MB_BOARD,G1,1,HEAD_TAIL,D-4,4,90,90,30,0.3333333333333333,0.23766666666666658,9.566666666666674,0.022302170601040065,3,0.03333333333333333,0.010000000000000007,2.3333333333333326,0.04503347991466753,15.366666666666672
MB,MB,MB_BOARD,G1,1,P1P5,D-4,4,90,90,30,0.3333333333333333,0.23766666666666658,9.566666666666674,0.022302170601040065,3,0.03333333333333333,0.010000000000000007,2.3333333333333326,0.04503347991466753,15.366666666666672
MT,MT,Khánh Hòa,G5,1,P2P3,W-1,7,180,52,22,0.4230769230769231,0.35480769230769227,6.82692307692308,0.18834547004596722,5,0.09615384615384616,0.02500000000000002,7.115384615384614,0.0022391866775864884,15.365384615384617
MN,MN,TP. HCM,G5,1,HEAD_SECOND_LAST,W-4,28,180,51,29,0.5686274509803921,0.4676470588235294,10.098039215686272,0.09594723190613821,4,0.0784313725490196,0.0347058823529412,4.372549019607841,0.09283169454842809,15.345098039215681
MN,MN,TP. HCM,G5,1,P1P3,W-4,28,180,51,29,0.5686274509803921,0.4676470588235294,10.098039215686272,0.09594723190613821,4,0.0784313725490196,0.0347058823529412,4.372549019607841,0.09283169454842809,15.345098039215681
MN,MN,TP. HCM,DB,1,P3P1,W-2,14,180,51,29,0.5686274509803921,0.4676470588235294,10.098039215686272,0.09594723190613821,4,0.0784313725490196,0.0347058823529412,4.372549019607841,0.09283169454842809,15.345098039215681
MB,MB,MB_BOARD,DB,1,P4P1,W-3,21,90,86,29,0.3372093023255814,0.23767441860465122,9.953488372093016,0.020583086306186705,4,0.046511627906976744,0.010000000000000007,3.6511627906976734,0.002110690957121333,15.334883720930224
MN,MT,Đà Nẵng,G2,1,TAIL_HEAD,D-1,1,180,52,28,0.5384615384615384,0.41884615384615387,11.961538461538456,0.05394374894571603,3,0.057692307692307696,0.029615384615384637,2.8076923076923057,0.216137086358329,15.330769230769222
MN,MT,Đà Nẵng,G1,1,P3P2,D-1,1,180,52,28,0.5384615384615384,0.41884615384615387,11.961538461538456,0.05394374894571603,3,0.057692307692307696,0.029615384615384637,2.8076923076923057,0.216137086358329,15.330769230769222
MT,MB,MB_BOARD,DB,1,TAIL_HEAD,D-2,2,90,90,43,0.4777777777777778,0.35200000000000004,12.577777777777776,0.008468542702607091,2,0.022222222222222223,0.024333333333333342,-0.21111111111111192,0.6815499105169607,15.324444444444442
MT,MB,MB_BOARD,DB,1,P5P1,D-2,2,90,90,43,0.4777777777777778,0.35200000000000004,12.577777777777776,0.008468542702607091,2,0.022222222222222223,0.024333333333333342,-0.21111111111111192,0.6815499105169607,15.324444444444442
MT,MB,MB_BOARD,DB,1,HEAD_TAIL,D-1,1,90,90,37,0.4111111111111111,0.35200000000000004,5.911111111111106,0.14370579169920542,7,0.07777777777777778,0.024333333333333342,5.344444444444443,0.0015964833335538559,15.324444444444438
MT,MB,MB_BOARD,DB,1,P1P5,D-1,1,90,90,37,0.4111111111111111,0.35200000000000004,5.911111111111106,0.14370579169920542,7,0.07777777777777778,0.024333333333333342,5.344444444444443,0.0015964833335538559,15.324444444444438
MN,MT,Đà Nẵng,DB,1,HEAD_SECOND_LAST,D-4,4,180,52,28,0.5384615384615384,0.4196153846153846,11.884615384615383,0.05523203694655986,3,0.057692307692307696,0.029423076923076944,2.8269230769230753,0.21301709869913088,15.276923076923074
MN,MT,Khánh Hòa,G2,1,P2P5,W-3,21,180,52,28,0.5384615384615384,0.4196153846153846,11.884615384615383,0.05523203694655986,3,0.057692307692307696,0.029423076923076944,2.8269230769230753,0.21301709869913088,15.276923076923074
MN,MT,Khánh Hòa,G2,1,TAIL_HEAD,W-2,14,180,52,28,0.5384615384615384,0.4196153846153846,11.884615384615383,0.05523203694655986,3,0.057692307692307696,0.029423076923076944,2.8269230769230753,0.21301709869913088,15.276923076923074
MN,MT,Khánh Hòa,G2,1,SECOND_HEAD_TAIL,W-3,21,180,52,28,0.5384615384615384,0.4196153846153846,11.884615384615383,0.05523203694655986,3,0.057692307692307696,0.029423076923076944,2.8269230769230753,0.21301709869913088,15.276923076923074
MT,MT,Khánh Hòa,DB,1,P3P4,D-3,3,180,52,27,0.5192307692307693,0.36000000000000004,15.923076923076923,0.012297936743724435,1,0.019230769230769232,0.02500000000000002,-0.5769230769230786,0.7613292629814068,15.230769230769228
MT,MT,Đà Nẵng,DB,1,P5P4,W-4,28,180,52,27,0.5192307692307693,0.36000000000000004,15.923076923076923,0.012297936743724435,1,0.019230769230769232,0.02500000000000002,-0.5769230769230786,0.7613292629814068,15.230769230769228
MN,MB,MB_BOARD,G1,1,FIRST2,D-3,3,60,60,32,0.5333333333333333,0.4333333333333334,9.999999999999993,0.07594495348777604,4,0.06666666666666667,0.03150000000000002,3.5166666666666644,0.11702416527648819,15.21999999999999
MN,MB,MB_BOARD,G1,1,P1P2,D-3,3,60,60,32,0.5333333333333333,0.4333333333333334,9.999999999999993,0.07594495348777604,4,0.06666666666666667,0.03150000000000002,3.5166666666666644,0.11702416527648819,15.21999999999999
MN,MB,MB_BOARD,G1,1,P5P3,D-1,1,60,60,32,0.5333333333333333,0.4333333333333334,9.999999999999993,0.07594495348777604,4,0.06666666666666667,0.03150000000000002,3.5166666666666644,0.11702416527648819,15.21999999999999
MN,MB,MB_BOARD,G2,2,LAST2,D-1,1,60,60,32,0.5333333333333333,0.4333333333333334,9.999999999999993,0.07594495348777604,4,0.06666666666666667,0.03150000000000002,3.5166666666666644,0.11702416527648819,15.21999999999999
MN,MB,MB_BOARD,G2,2,P4P5,D-1,1,60,60,32,0.5333333333333333,0.4333333333333334,9.999999999999993,0.07594495348777604,4,0.06666666666666667,0.03150000000000002,3.5166666666666644,0.11702416527648819,15.21999999999999
MB,MT,Đà Nẵng,G2,1,P3P2,W-3,21,180,51,17,0.3333333333333333,0.24000000000000007,9.333333333333323,0.08124756727055474,3,0.058823529411764705,0.010000000000000004,4.88235294117647,0.002550420382128448,15.192156862745087
MB,MB,MB_BOARD,DB,1,HEAD_SECOND_LAST,D-2,2,60,60,21,0.35,0.23633333333333348,11.36666666666665,0.027393833673621387,2,0.03333333333333333,0.010000000000000005,2.3333333333333326,0.12145413045216209,15.166666666666648
MB,MB,MB_BOARD,DB,1,P1P4,D-2,2,60,60,21,0.35,0.23633333333333348,11.36666666666665,0.027393833673621387,2,0.03333333333333333,0.010000000000000005,2.3333333333333326,0.12145413045216209,15.166666666666648
MB,MB,MB_BOARD,G1,1,P3P2,W-4,28,60,60,21,0.35,0.23633333333333348,11.36666666666665,0.027393833673621387,2,0.03333333333333333,0.010000000000000005,2.3333333333333326,0.12145413045216209,15.166666666666648
MN,MB,MB_BOARD,G1,1,SECOND_HEAD_TAIL,D-1,1,90,90,46,0.5111111111111111,0.4317777777777777,7.933333333333337,0.07882049018875475,6,0.06666666666666667,0.031444444444444414,3.5222222222222253,0.05340396670731329,15.160000000000007
MN,MB,MB_BOARD,G1,1,P2P5,D-1,1,90,90,46,0.5111111111111111,0.4317777777777777,7.933333333333337,0.07882049018875475,6,0.06666666666666667,0.031444444444444414,3.5222222222222253,0.05340396670731329,15.160000000000007
MN,MB,MB_BOARD,G1,1,P5P3,D-4,4,90,90,46,0.5111111111111111,0.4317777777777777,7.933333333333337,0.07882049018875475,6,0.06666666666666667,0.031444444444444414,3.5222222222222253,0.05340396670731329,15.160000000000007
MT,MB,MB_BOARD,G2,1,TAIL_HEAD,W-3,21,60,60,28,0.4666666666666667,0.35566666666666685,11.099999999999982,0.04833423044516731,3,0.05,0.024500000000000015,2.549999999999999,0.19485824258196202,15.15999999999998
MT,MB,MB_BOARD,G2,1,P4P2,D-3,3,60,60,28,0.4666666666666667,0.35566666666666685,11.099999999999982,0.04833423044516731,3,0.05,0.024500000000000015,2.549999999999999,0.19485824258196202,15.15999999999998
MT,MB,MB_BOARD,G2,1,P5P1,W-3,21,60,60,28,0.4666666666666667,0.35566666666666685,11.099999999999982,0.04833423044516731,3,0.05,0.024500000000000015,2.549999999999999,0.19485824258196202,15.15999999999998
MT,MT,Đà Nẵng,G2,1,P4P1,D-1,1,180,52,30,0.5769230769230769,0.4124999999999999,16.442307692307693,0.011674911935875587,1,0.019230769230769232,0.030000000000000023,-1.076923076923079,0.8055745641842899,15.149999999999999
MN,MN,TP. HCM,G2,1,P3P5,D-2,2,180,51,25,0.49019607843137253,0.42058823529411754,6.960784313725499,0.19347761760849178,5,0.09803921568627451,0.029803921568627472,6.823529411764703,0.007064941988161954,15.149019607843142
MN,MB,MB_BOARD,G2,1,TAIL_HEAD,W-4,28,90,86,49,0.5697674418604651,0.43244186046511623,13.73255813953489,0.006913007419777837,3,0.03488372093023256,0.031511627906976716,0.3372093023255841,0.5515682819957541,15.13720930232559
MN,MB,MB_BOARD,G2,1,P5P1,W-4,28,90,86,49,0.5697674418604651,0.43244186046511623,13.73255813953489,0.006913007419777837,3,0.03488372093023256,0.031511627906976716,0.3372093023255841,0.5515682819957541,15.13720930232559
MB,MB,MB_BOARD,G2,2,P5P3,W-2,14,90,86,30,0.3488372093023256,0.23755813953488375,11.127906976744184,0.010777926465530852,3,0.03488372093023256,0.010000000000000007,2.488372093023255,0.03775396768870361,15.11395348837209
MT,MT,Khánh Hòa,DB,1,P3P1,D-5,5,180,51,22,0.43137254901960786,0.30411764705882355,12.725490196078432,0.034130610132860256,2,0.0392156862745098,0.019607843137254912,1.9607843137254892,0.3067881108768499,15.07843137254902
MT,MT,Đà Nẵng,G1,1,P4P3,D-6,6,180,51,22,0.43137254901960786,0.3047058823529413,12.666666666666654,0.03490346245988426,2,0.0392156862745098,0.019607843137254912,1.9607843137254892,0.3067881108768499,15.01960784313724
MT,MT,Huế,G5,1,P4P2,W-4,28,180,36,17,0.4722222222222222,0.35861111111111105,11.361111111111116,0.10609129152528787,2,0.05555555555555555,0.02527777777777779,3.027777777777776,0.26550779822198045,14.994444444444447
MT,MT,Khánh Hòa,DB,1,P3P6,W-4,28,180,52,23,0.4423076923076923,0.35480769230769227,8.750000000000002,0.1202277494811453,4,0.07692307692307693,0.02500000000000002,5.192307692307691,0.02534418742536154,14.98076923076923
MN,MN,TP. HCM,G5,1,HEAD_TAIL,W-1,7,180,51,30,0.5882352941176471,0.4676470588235294,12.058823529411766,0.05641056717391175,3,0.058823529411764705,0.0347058823529412,2.4117647058823506,0.28825886790947886,14.952941176470587
MN,MN,TP. HCM,G5,1,P1P4,W-1,7,180,51,30,0.5882352941176471,0.4676470588235294,12.058823529411766,0.05641056717391175,3,0.058823529411764705,0.0347058823529412,2.4117647058823506,0.28825886790947886,14.952941176470587
MN,MN,TP. HCM,G1,1,P1P3,W-2,14,180,51,30,0.5882352941176471,0.4676470588235294,12.058823529411766,0.05641056717391175,3,0.058823529411764705,0.0347058823529412,2.4117647058823506,0.28825886790947886,14.952941176470587
MN,MN,TP. HCM,DB,1,P3P2,W-3,21,180,51,30,0.5882352941176471,0.4676470588235294,12.058823529411766,0.05641056717391175,3,0.058823529411764705,0.0347058823529412,2.4117647058823506,0.28825886790947886,14.952941176470587
MB,MT,Đà Nẵng,DB,1,HEAD_SECOND_LAST,D-3,3,180,50,20,0.4,0.2386000000000001,16.139999999999993,0.006007415750466589,0,0.0,0.010000000000000004,-1.0000000000000004,1.0,14.939999999999992
MN,MB,MB_BOARD,DB,1,P3P1,D-4,4,90,90,47,0.5222222222222223,0.4317777777777777,9.044444444444455,0.051989837286165026,5,0.05555555555555555,0.031444444444444414,2.411111111111114,0.15655984290898567,14.937777777777791
MN,MB,MB_BOARD,G2,2,P5P3,D-3,3,90,90,47,0.5222222222222223,0.4317777777777777,9.044444444444455,0.051989837286165026,5,0.05555555555555555,0.031444444444444414,2.411111111111114,0.15655984290898567,14.937777777777791
MT,MT,Huế,G1,1,P4P1,W-3,21,180,34,16,0.47058823529411764,0.36147058823529404,10.91176470588236,0.1259226776886296,2,0.058823529411764705,0.025294117647058835,3.352941176470587,0.242267576682422,14.935294117647064
MT,MT,Huế,DB,1,FIRST2,W-3,21,180,34,16,0.47058823529411764,0.36147058823529404,10.91176470588236,0.1259226776886296,2,0.058823529411764705,0.025294117647058835,3.352941176470587,0.242267576682422,14.935294117647064
MT,MT,Huế,DB,1,P1P2,W-3,21,180,34,16,0.47058823529411764,0.36147058823529404,10.91176470588236,0.1259226776886296,2,0.058823529411764705,0.025294117647058835,3.352941176470587,0.242267576682422,14.935294117647064
MN,MB,MB_BOARD,G2,2,FIRST2,W-1,7,90,87,47,0.5402298850574713,0.43206896551724133,10.816091954022994,0.026903629225031787,5,0.05747126436781609,0.03149425287356319,2.59770114942529,0.13998110127943061,14.933333333333342
MN,MB,MB_BOARD,G2,2,P1P2,W-1,7,90,87,47,0.5402298850574713,0.43206896551724133,10.816091954022994,0.026903629225031787,5,0.05747126436781609,0.03149425287356319,2.59770114942529,0.13998110127943061,14.933333333333342
MB,MB,MB_BOARD,DB,1,LAST2,D-3,3,90,90,32,0.35555555555555557,0.23766666666666658,11.788888888888899,0.006146009008499112,1,0.011111111111111112,0.010000000000000007,0.11111111111111044,0.6641299933814214,14.922222222222231
MB,MB,MB_BOARD,DB,1,P4P5,D-3,3,90,90,32,0.35555555555555557,0.23766666666666658,11.788888888888899,0.006146009008499112,1,0.011111111111111112,0.010000000000000007,0.11111111111111044,0.6641299933814214,14.922222222222231
MN,MT,Khánh Hòa,G7,1,TAIL_HEAD,D-5,5,180,51,25,0.49019607843137253,0.42274509803921567,6.745098039215685,0.2023173547106714,5,0.09803921568627451,0.030000000000000023,6.803921568627448,0.007385400154829032,14.909803921568622
MT,MB,MB_BOARD,DB,1,HEAD_TAIL,D-6,6,180,175,78,0.44571428571428573,0.3524,9.331428571428575,0.0061242881518989035,8,0.045714285714285714,0.024285714285714254,2.142857142857146,0.055246580353390674,14.90285714285715
MT,MB,MB_BOARD,DB,1,P1P5,D-6,6,180,175,78,0.44571428571428573,0.3524,9.331428571428575,0.0061242881518989035,8,0.045714285714285714,0.024285714285714254,2.142857142857146,0.055246580353390674,14.90285714285715
MT,MT,Huế,G2,1,P4P1,D-2,2,180,30,13,0.43333333333333335,0.30033333333333334,13.3,0.082263156124743,1,0.03333333333333333,0.020000000000000007,1.3333333333333326,0.5518790248572119,14.9
MT,MT,Huế,DB,1,P5P1,D-2,2,180,30,13,0.43333333333333335,0.30033333333333334,13.3,0.082263156124743,1,0.03333333333333333,0.020000000000000007,1.3333333333333326,0.5518790248572119,14.9
MT,MT,Huế,DB,1,P3P5,D-4,4,180,31,17,0.5483870967741935,0.3696774193548387,17.870967741935477,0.030379875578719392,0,0.0,0.024838709677419368,-2.483870967741937,1.0,14.890322580645153
MN,MB,MB_BOARD,DB,1,FIRST2,W-1,7,60,60,33,0.55,0.4333333333333334,11.666666666666664,0.045188455929291584,3,0.05,0.03150000000000002,1.849999999999998,0.3260424533918774,14.886666666666661
MN,MB,MB_BOARD,DB,1,P1P2,W-1,7,60,60,33,0.55,0.4333333333333334,11.666666666666664,0.045188455929291584,3,0.05,0.03150000000000002,1.849999999999998,0.3260424533918774,14.886666666666661
MN,MB,MB_BOARD,G2,2,P3P1,D-1,1,60,60,33,0.55,0.4333333333333334,11.666666666666664,0.045188455929291584,3,0.05,0.03150000000000002,1.849999999999998,0.3260424533918774,14.886666666666661
MB,MT,Đà Nẵng,G1,1,P3P2,D-6,6,180,50,20,0.4,0.2394000000000001,16.05999999999999,0.006287748625089957,0,0.0,0.010000000000000004,-1.0000000000000004,1.0,14.85999999999999
MB,MB,MB_BOARD,DB,1,LAST2,D-3,3,60,60,22,0.36666666666666664,0.23633333333333348,13.033333333333315,0.013059366907124698,1,0.016666666666666666,0.010000000000000005,0.6666666666666661,0.5516178190786531,14.833333333333314
MB,MB,MB_BOARD,DB,1,P4P5,D-3,3,60,60,22,0.36666666666666664,0.23633333333333348,13.033333333333315,0.013059366907124698,1,0.016666666666666666,0.010000000000000005,0.6666666666666661,0.5516178190786531,14.833333333333314
MB,MB,MB_BOARD,G2,2,P1P3,W-2,14,60,60,22,0.36666666666666664,0.23633333333333348,13.033333333333315,0.013059366907124698,1,0.016666666666666666,0.010000000000000005,0.6666666666666661,0.5516178190786531,14.833333333333314
MT,MB,MB_BOARD,DB,1,HEAD_TAIL,D-6,6,60,60,29,0.48333333333333334,0.35566666666666685,12.766666666666648,0.026747508669725226,2,0.03333333333333333,0.024500000000000015,0.8833333333333317,0.49000659267288155,14.826666666666647
MT,MB,MB_BOARD,DB,1,P1P5,D-6,6,60,60,29,0.48333333333333334,0.35566666666666685,12.766666666666648,0.026747508669725226,2,0.03333333333333333,0.024500000000000015,0.8833333333333317,0.49000659267288155,14.826666666666647
MN,MT,Đà Nẵng,DB,1,SECOND_HEAD_TAIL,D-5,5,180,51,26,0.5098039215686274,0.41980392156862745,8.999999999999996,0.12293219626984474,4,0.0784313725490196,0.030000000000000023,4.843137254901958,0.052929245884517244,14.811764705882347
MN,MT,Đà Nẵng,G2,1,LAST2,D-5,5,180,51,26,0.5098039215686274,0.41980392156862745,8.999999999999996,0.12293219626984474,4,0.0784313725490196,0.030000000000000023,4.843137254901958,0.052929245884517244,14.811764705882347
MT,MB,MB_BOARD,G2,2,LAST2,W-1,7,90,87,44,0.5057471264367817,0.35252873563218395,15.321839080459771,0.001993943178659176,1,0.011494252873563218,0.024367816091954035,-1.2873563218390818,0.870008122105189,14.777011494252873
MT,MB,MB_BOARD,G2,2,P4P5,W-1,7,90,87,44,0.5057471264367817,0.35252873563218395,15.321839080459771,0.001993943178659176,1,0.011494252873563218,0.024367816091954035,-1.2873563218390818,0.870008122105189,14.777011494252873
MT,MT,Đà Nẵng,G1,1,P2P3,D-1,1,180,52,25,0.4807692307692308,0.4124999999999999,6.8269230769230855,0.1951216464584259,5,0.09615384615384616,0.030000000000000023,6.615384615384613,0.008424026954637067,14.76538461538462
MN,MB,MB_BOARD,DB,1,P5P2,D-4,4,90,90,48,0.5333333333333333,0.4317777777777777,10.155555555555562,0.03298204150174869,4,0.044444444444444446,0.031444444444444414,1.3000000000000032,0.3428537779421809,14.715555555555566
MN,MB,MB_BOARD,G2,2,FIRST2_REV,D-2,2,90,90,48,0.5333333333333333,0.4317777777777777,10.155555555555562,0.03298204150174869,4,0.044444444444444446,0.031444444444444414,1.3000000000000032,0.3428537779421809,14.715555555555566
MN,MB,MB_BOARD,G2,2,P2P1,D-2,2,90,90,48,0.5333333333333333,0.4317777777777777,10.155555555555562,0.03298204150174869,4,0.044444444444444446,0.031444444444444414,1.3000000000000032,0.3428537779421809,14.715555555555566
MB,MB,MB_BOARD,G2,1,FIRST2_REV,D-1,1,90,90,33,0.36666666666666664,0.23766666666666658,12.900000000000006,0.002968062392130607,0,0.0,0.010000000000000007,-1.0000000000000007,1.0,14.700000000000005
MB,MB,MB_BOARD,G2,1,P2P1,D-1,1,90,90,33,0.36666666666666664,0.23766666666666658,12.900000000000006,0.002968062392130607,0,0.0,0.010000000000000007,-1.0000000000000007,1.0,14.700000000000005
MT,MT,Khánh Hòa,DB,1,P4P3,D-5,5,180,51,23,0.45098039215686275,0.30411764705882355,14.686274509803921,0.01668241087655217,1,0.0196078431372549,0.019607843137254912,-1.0408340855860843e-15,0.6932118891231505,14.68627450980392
MT,MT,Khánh Hòa,G7,1,FIRST2_REV,D-1,1,180,51,25,0.49019607843137253,0.36039215686274517,12.980392156862736,0.037136139444161415,2,0.0392156862745098,0.025098039215686287,1.4117647058823517,0.4219366617217241,14.67450980392156
MT,MT,Khánh Hòa,G7,1,P2P1,D-1,1,180,51,25,0.49019607843137253,0.36039215686274517,12.980392156862736,0.037136139444161415,2,0.0392156862745098,0.025098039215686287,1.4117647058823517,0.4219366617217241,14.67450980392156
MT,MT,Khánh Hòa,G5,1,LAST2,D-1,1,180,51,25,0.49019607843137253,0.36039215686274517,12.980392156862736,0.037136139444161415,2,0.0392156862745098,0.025098039215686287,1.4117647058823517,0.4219366617217241,14.67450980392156
MT,MT,Khánh Hòa,G5,1,P3P4,D-1,1,180,51,25,0.49019607843137253,0.36039215686274517,12.980392156862736,0.037136139444161415,2,0.0392156862745098,0.025098039215686287,1.4117647058823517,0.4219366617217241,14.67450980392156
MT,MB,MB_BOARD,DB,1,P2P3,D-6,6,180,175,74,0.4228571428571429,0.3524,7.045714285714288,0.030606729046406857,11,0.06285714285714286,0.024285714285714254,3.8571428571428603,0.0010731888567113977,14.67428571428572
MN,MN,TP. HCM,G2,1,HEAD_SECOND_LAST,D-6,6,180,52,29,0.5576923076923077,0.42173076923076924,13.596153846153847,0.03252351532076345,2,0.038461538461538464,0.029615384615384637,0.8846153846153827,0.5130514947603224,14.657692307692306
MN,MN,TP. HCM,G2,1,P1P4,D-6,6,180,52,29,0.5576923076923077,0.42173076923076924,13.596153846153847,0.03252351532076345,2,0.038461538461538464,0.029615384615384637,0.8846153846153827,0.5130514947603224,14.657692307692306
MN,MN,TP. HCM,G1,1,TAIL_HEAD,D-6,6,180,52,29,0.5576923076923077,0.42173076923076924,13.596153846153847,0.03252351532076345,2,0.038461538461538464,0.029615384615384637,0.8846153846153827,0.5130514947603224,14.657692307692306
MN,MN,TP. HCM,G1,1,P5P1,D-6,6,180,52,29,0.5576923076923077,0.42173076923076924,13.596153846153847,0.03252351532076345,2,0.038461538461538464,0.029615384615384637,0.8846153846153827,0.5130514947603224,14.657692307692306
MT,MT,Khánh Hòa,G1,1,P3P4,D-2,2,180,51,23,0.45098039215686275,0.3047058823529413,14.627450980392142,0.017113671100089385,1,0.0196078431372549,0.019607843137254912,-1.0408340855860843e-15,0.6932118891231505,14.62745098039214
MT,MT,Đà Nẵng,G5,1,TAIL_HEAD,D-6,6,180,51,23,0.45098039215686275,0.3047058823529413,14.627450980392142,0.017113671100089385,1,0.0196078431372549,0.019607843137254912,-1.0408340855860843e-15,0.6932118891231505,14.62745098039214
MT,MT,Đà Nẵng,G5,1,P4P1,D-6,6,180,51,23,0.45098039215686275,0.3047058823529413,14.627450980392142,0.017113671100089385,1,0.0196078431372549,0.019607843137254912,-1.0408340855860843e-15,0.6932118891231505,14.62745098039214
MT,MB,MB_BOARD,G2,2,P4P3,D-4,4,180,176,79,0.44886363636363635,0.3514204545454545,9.744318181818185,0.00428393923019669,7,0.03977272727272727,0.024204545454545423,1.556818181818185,0.135957916329249,14.612500000000008
MN,MT,Đà Nẵng,G5,1,SECOND_HEAD_TAIL,W-4,28,180,52,28,0.5384615384615384,0.4665384615384616,7.192307692307681,0.18389163132343678,5,0.09615384615384616,0.034423076923076945,6.173076923076922,0.019635373894649418,14.599999999999987
MT,MT,Khánh Hòa,G2,1,HEAD_TAIL,W-4,28,180,52,24,0.46153846153846156,0.35480769230769227,10.67307692307693,0.0716395663521756,3,0.057692307692307696,0.02500000000000002,3.2692307692307674,0.14323952870805642,14.59615384615385
MT,MT,Khánh Hòa,G2,1,P1P5,W-4,28,180,52,24,0.46153846153846156,0.35480769230769227,10.67307692307693,0.0716395663521756,3,0.057692307692307696,0.02500000000000002,3.2692307692307674,0.14323952870805642,14.59615384615385
MT,MT,Khánh Hòa,G2,1,P3P4,W-2,14,180,52,24,0.46153846153846156,0.35480769230769227,10.67307692307693,0.0716395663521756,3,0.057692307692307696,0.02500000000000002,3.2692307692307674,0.14323952870805642,14.59615384615385
MT,MT,Khánh Hòa,DB,1,SECOND_HEAD_TAIL,W-4,28,180,52,24,0.46153846153846156,0.35480769230769227,10.67307692307693,0.0716395663521756,3,0.057692307692307696,0.02500000000000002,3.2692307692307674,0.14323952870805642,14.59615384615385
MT,MT,Khánh Hòa,DB,1,P2P6,W-4,28,180,52,24,0.46153846153846156,0.35480769230769227,10.67307692307693,0.0716395663521756,3,0.057692307692307696,0.02500000000000002,3.2692307692307674,0.14323952870805642,14.59615384615385
MT,MT,Khánh Hòa,DB,1,P4P6,W-1,7,180,52,24,0.46153846153846156,0.35480769230769227,10.67307692307693,0.0716395663521756,3,0.057692307692307696,0.02500000000000002,3.2692307692307674,0.14323952870805642,14.59615384615385
MN,MN,TP. HCM,G5,1,FIRST2_REV,W-2,14,180,51,31,0.6078431372549019,0.4676470588235294,14.01960784313725,0.031000853534052925,2,0.0392156862745098,0.0347058823529412,0.4509803921568606,0.5818234489671488,14.560784313725483
MN,MN,TP. HCM,G5,1,P2P1,W-2,14,180,51,31,0.6078431372549019,0.4676470588235294,14.01960784313725,0.031000853534052925,2,0.0392156862745098,0.0347058823529412,0.4509803921568606,0.5818234489671488,14.560784313725483
MN,MN,TP. HCM,G1,1,TAIL_HEAD,W-1,7,180,51,31,0.6078431372549019,0.4676470588235294,14.01960784313725,0.031000853534052925,2,0.0392156862745098,0.0347058823529412,0.4509803921568606,0.5818234489671488,14.560784313725483
MN,MN,TP. HCM,G1,1,P4P3,W-4,28,180,51,31,0.6078431372549019,0.4676470588235294,14.01960784313725,0.031000853534052925,2,0.0392156862745098,0.0347058823529412,0.4509803921568606,0.5818234489671488,14.560784313725483
MN,MN,TP. HCM,G1,1,P5P1,W-1,7,180,51,31,0.6078431372549019,0.4676470588235294,14.01960784313725,0.031000853534052925,2,0.0392156862745098,0.0347058823529412,0.4509803921568606,0.5818234489671488,14.560784313725483
MN,MT,Khánh Hòa,G5,1,HEAD_SECOND_LAST,D-6,6,180,51,32,0.6274509803921569,0.4637254901960786,16.372549019607824,0.013753444689131927,1,0.0196078431372549,0.0347058823529412,-1.5098039215686296,0.8343750705579149,14.560784313725469
MN,MB,MB_BOARD,G1,1,LAST2_REV,W-1,7,60,60,28,0.4666666666666667,0.4333333333333334,3.333333333333327,0.3479771283432396,7,0.11666666666666667,0.03150000000000002,8.516666666666664,0.00032795209758698836,14.553333333333324
MN,MB,MB_BOARD,G1,1,P5P4,W-1,7,60,60,28,0.4666666666666667,0.4333333333333334,3.333333333333327,0.3479771283432396,7,0.11666666666666667,0.03150000000000002,8.516666666666664,0.00032795209758698836,14.553333333333324
MN,MB,MB_BOARD,DB,1,P3P4,D-4,4,60,60,34,0.5666666666666667,0.4333333333333334,13.333333333333325,0.025354281074944807,2,0.03333333333333333,0.03150000000000002,0.18333333333333118,0.6134260137891246,14.553333333333322
MN,MB,MB_BOARD,G2,1,FIRST2,D-6,6,60,60,34,0.5666666666666667,0.4333333333333334,13.333333333333325,0.025354281074944807,2,0.03333333333333333,0.03150000000000002,0.18333333333333118,0.6134260137891246,14.553333333333322
MN,MB,MB_BOARD,G2,1,P1P2,D-6,6,60,60,34,0.5666666666666667,0.4333333333333334,13.333333333333325,0.025354281074944807,2,0.03333333333333333,0.03150000000000002,0.18333333333333118,0.6134260137891246,14.553333333333322
MN,MB,MB_BOARD,G2,1,P4P3,W-2,14,60,60,34,0.5666666666666667,0.4333333333333334,13.333333333333325,0.025354281074944807,2,0.03333333333333333,0.03150000000000002,0.18333333333333118,0.6134260137891246,14.553333333333322
MN,MT,Đà Nẵng,G7,1,HEAD_SECOND_LAST,D-2,2,180,51,26,0.5098039215686274,0.42274509803921567,8.705882352941174,0.13203298307371902,4,0.0784313725490196,0.030000000000000023,4.843137254901958,0.052929245884517244,14.517647058823524
MN,MT,Đà Nẵng,G7,1,FIRST2,D-2,2,180,51,26,0.5098039215686274,0.42274509803921567,8.705882352941174,0.13203298307371902,4,0.0784313725490196,0.030000000000000023,4.843137254901958,0.052929245884517244,14.517647058823524
MN,MT,Đà Nẵng,G7,1,P1P2,D-2,2,180,51,26,0.5098039215686274,0.42274509803921567,8.705882352941174,0.13203298307371902,4,0.0784313725490196,0.030000000000000023,4.843137254901958,0.052929245884517244,14.517647058823524
MB,MB,MB_BOARD,DB,1,P2P3,D-3,3,60,60,23,0.38333333333333336,0.23633333333333348,14.699999999999989,0.005730372791035871,0,0.0,0.010000000000000005,-1.0000000000000004,1.0,14.499999999999988
MB,MB,MB_BOARD,G2,1,LAST2,D-5,5,60,60,23,0.38333333333333336,0.23633333333333348,14.699999999999989,0.005730372791035871,0,0.0,0.010000000000000005,-1.0000000000000004,1.0,14.499999999999988
MB,MB,MB_BOARD,G2,1,P4P5,D-5,5,60,60,23,0.38333333333333336,0.23633333333333348,14.699999999999989,0.005730372791035871,0,0.0,0.010000000000000005,-1.0000000000000004,1.0,14.499999999999988
MT,MB,MB_BOARD,G1,1,FIRST2,W-4,28,60,60,24,0.4,0.35566666666666685,4.433333333333317,0.2801125708970597,6,0.1,0.024500000000000015,7.549999999999998,0.00038220622056895774,14.493333333333315
MT,MB,MB_BOARD,G1,1,P1P2,W-4,28,60,60,24,0.4,0.35566666666666685,4.433333333333317,0.2801125708970597,6,0.1,0.024500000000000015,7.549999999999998,0.00038220622056895774,14.493333333333315
MT,MB,MB_BOARD,G2,2,FIRST2,D-1,1,60,60,30,0.5,0.35566666666666685,14.433333333333314,0.013882797406081473,1,0.016666666666666666,0.024500000000000015,-0.7833333333333349,0.7910376361153606,14.493333333333313
MT,MB,MB_BOARD,G2,2,P1P2,D-1,1,60,60,30,0.5,0.35566666666666685,14.433333333333314,0.013882797406081473,1,0.016666666666666666,0.024500000000000015,-0.7833333333333349,0.7910376361153606,14.493333333333313
MB,MB,MB_BOARD,G2,2,TAIL_HEAD,D-1,1,90,90,28,0.3111111111111111,0.23766666666666658,7.344444444444454,0.06512901821639953,4,0.044444444444444446,0.010000000000000007,3.4444444444444438,0.0029395662473472276,14.477777777777785
MB,MB,MB_BOARD,G2,2,P5P1,D-1,1,90,90,28,0.3111111111111111,0.23766666666666658,7.344444444444454,0.06512901821639953,4,0.044444444444444446,0.010000000000000007,3.4444444444444438,0.0029395662473472276,14.477777777777785
MT,MT,Đà Nẵng,G5,1,SECOND_HEAD_TAIL,W-3,21,180,52,23,0.4423076923076923,0.36000000000000004,8.230769230769225,0.1374020437588021,4,0.07692307692307693,0.02500000000000002,5.192307692307691,0.02534418742536154,14.461538461538453
MT,MT,Đà Nẵng,G5,1,P2P4,W-3,21,180,52,23,0.4423076923076923,0.36000000000000004,8.230769230769225,0.1374020437588021,4,0.07692307692307693,0.02500000000000002,5.192307692307691,0.02534418742536154,14.461538461538453
MN,MB,MB_BOARD,G2,1,P3P4,D-5,5,90,89,49,0.550561797752809,0.4322471910112359,11.831460674157313,0.015930482687025765,4,0.0449438202247191,0.03146067415730334,1.348314606741576,0.3353928448169413,14.449438202247205
MN,MB,MB_BOARD,G2,1,P4P1,W-2,14,180,176,91,0.5170454545454546,0.4335227272727274,8.35227272727272,0.015389977589272946,10,0.056818181818181816,0.031193181818181828,2.5624999999999987,0.04103850545529503,14.427272727272719
MN,MT,Khánh Hòa,G1,1,LAST2,D-1,1,180,51,27,0.5294117647058824,0.41980392156862745,10.96078431372549,0.07434383427984866,3,0.058823529411764705,0.030000000000000023,2.8823529411764683,0.21294832139794445,14.419607843137252
MB,MT,Đà Nẵng,G1,1,HEAD_TAIL,W-4,28,180,51,19,0.37254901960784315,0.24000000000000007,13.254901960784307,0.020062001502698157,1,0.0196078431372549,0.010000000000000004,0.9607843137254898,0.5056142667668168,14.407843137254895
MB,MT,Khánh Hòa,G2,1,HEAD_SECOND_LAST,D-3,3,180,51,19,0.37254901960784315,0.24000000000000007,13.254901960784307,0.020062001502698157,1,0.0196078431372549,0.010000000000000004,0.9607843137254898,0.5056142667668168,14.407843137254895
MT,MT,Đà Nẵng,G7,1,TAIL_HEAD,D-1,1,180,52,26,0.5,0.4124999999999999,8.750000000000007,0.12696131329951105,4,0.07692307692307693,0.030000000000000023,4.69230769230769,0.05738862633042385,14.380769230769236
MT,MT,Đà Nẵng,G7,1,P3P1,D-1,1,180,52,26,0.5,0.4124999999999999,8.750000000000007,0.12696131329951105,4,0.07692307692307693,0.030000000000000023,4.69230769230769,0.05738862633042385,14.380769230769236
MT,MT,Khánh Hòa,DB,1,P5P1,D-6,6,180,51,25,0.49019607843137253,0.3633333333333336,12.68627450980389,0.04109455080307869,2,0.0392156862745098,0.025098039215686287,1.4117647058823517,0.4219366617217241,14.380392156862712
MN,MB,MB_BOARD,G2,1,HEAD_TAIL,W-1,7,180,176,92,0.5227272727272727,0.4330681818181819,8.96590909090908,0.010050227497165472,9,0.05113636363636364,0.031193181818181828,1.9943181818181812,0.09592022173331925,14.359090909090897
MN,MB,MB_BOARD,G2,1,P1P5,W-1,7,180,176,92,0.5227272727272727,0.4330681818181819,8.96590909090908,0.010050227497165472,9,0.05113636363636364,0.031193181818181828,1.9943181818181812,0.09592022173331925,14.359090909090897
MT,MT,Huế,G7,1,FIRST2,D-3,3,180,31,15,0.4838709677419355,0.34967741935483865,13.419354838709685,0.0840268064611787,1,0.03225806451612903,0.02451612903225808,0.7741935483870952,0.6186606007319277,14.3483870967742
MT,MT,Huế,G7,1,HEAD_SECOND_LAST,D-3,3,180,31,15,0.4838709677419355,0.34967741935483865,13.419354838709685,0.0840268064611787,1,0.03225806451612903,0.02451612903225808,0.7741935483870952,0.6186606007319277,14.3483870967742
MT,MT,Huế,G7,1,P1P2,D-3,3,180,31,15,0.4838709677419355,0.34967741935483865,13.419354838709685,0.0840268064611787,1,0.03225806451612903,0.02451612903225808,0.7741935483870952,0.6186606007319277,14.3483870967742
MT,MT,Huế,G2,1,P4P3,D-3,3,180,31,15,0.4838709677419355,0.34967741935483865,13.419354838709685,0.0840268064611787,1,0.03225806451612903,0.02451612903225808,0.7741935483870952,0.6186606007319277,14.3483870967742
MT,MT,Huế,G1,1,P3P1,D-3,3,180,31,15,0.4838709677419355,0.34967741935483865,13.419354838709685,0.0840268064611787,1,0.03225806451612903,0.02451612903225808,0.7741935483870952,0.6186606007319277,14.3483870967742
MT,MT,Huế,DB,1,P6P3,W-3,21,180,34,17,0.5,0.36147058823529404,13.852941176470596,0.0664388352590422,1,0.029411764705882353,0.025294117647058835,0.41176470588235176,0.6529151089104389,14.347058823529418
MT,MT,Khánh Hòa,G2,1,HEAD_TAIL,D-5,5,180,51,24,0.47058823529411764,0.30411764705882355,16.64705882352941,0.007506762805353344,0,0.0,0.019607843137254912,-1.9607843137254912,1.0,14.29411764705882
MT,MT,Khánh Hòa,G2,1,P1P5,D-5,5,180,51,24,0.47058823529411764,0.30411764705882355,16.64705882352941,0.007506762805353344,0,0.0,0.019607843137254912,-1.9607843137254912,1.0,14.29411764705882
MN,MB,MB_BOARD,G2,2,P5P2,D-3,3,90,90,50,0.5555555555555556,0.4317777777777777,12.377777777777787,0.011778290462038014,2,0.022222222222222223,0.031444444444444414,-0.9222222222222191,0.789109147941777,14.271111111111125
MN,MB,MB_BOARD,G2,2,P5P3,D-4,4,90,90,44,0.4888888888888889,0.4317777777777777,5.711111111111117,0.1617152968936101,7,0.07777777777777778,0.031444444444444414,4.633333333333336,0.01332116123116902,14.27111111111112
MN,MN,TP. HCM,G1,1,P4P3,D-5,5,180,52,29,0.5576923076923077,0.4657692307692309,9.192307692307683,0.11705265745773832,4,0.07692307692307693,0.03461538461538464,4.230769230769229,0.09859094152846323,14.269230769230758
MT,MT,Huế,DB,1,P5P2,D-4,4,180,31,12,0.3870967741935484,0.3696774193548387,1.7419354838709655,0.49406281907966126,4,0.12903225806451613,0.024838709677419368,10.419354838709676,0.0008149649083752242,14.245161290322578
MT,MT,Huế,DB,1,P6P3,D-2,2,180,30,14,0.4666666666666667,0.30033333333333334,16.633333333333333,0.03686448154543481,0,0.0,0.020000000000000007,-2.000000000000001,1.0,14.233333333333333
MN,MB,MB_BOARD,G1,1,HEAD_SECOND_LAST,W-3,21,180,176,93,0.5284090909090909,0.43323863636363646,9.517045454545448,0.00671959574521024,8,0.045454545454545456,0.031193181818181828,1.4261363636363629,0.19172751484367342,14.228409090909084
MN,MB,MB_BOARD,G1,1,P1P4,W-3,21,180,176,93,0.5284090909090909,0.43323863636363646,9.517045454545448,0.00671959574521024,8,0.045454545454545456,0.031193181818181828,1.4261363636363629,0.19172751484367342,14.228409090909084
MN,MB,MB_BOARD,DB,1,P4P1,W-1,7,180,175,90,0.5142857142857142,0.4332000000000001,8.108571428571414,0.01837837126803363,10,0.05714285714285714,0.031200000000000006,2.5942857142857134,0.039494696687627756,14.22171428571427
MN,MB,MB_BOARD,G2,1,P1P3,D-2,2,60,60,35,0.5833333333333334,0.4333333333333334,14.999999999999996,0.01339847436385373,1,0.016666666666666666,0.03150000000000002,-1.4833333333333354,0.8478808756620632,14.219999999999994
MN,MB,MB_BOARD,G2,2,LAST2,W-2,14,60,60,29,0.48333333333333334,0.4333333333333334,4.999999999999993,0.2574223478304633,6,0.1,0.03150000000000002,6.849999999999998,0.0038123771170171868,14.21999999999999
MN,MB,MB_BOARD,G2,2,P4P5,W-2,14,60,60,29,0.48333333333333334,0.4333333333333334,4.999999999999993,0.2574223478304633,6,0.1,0.03150000000000002,6.849999999999998,0.0038123771170171868,14.21999999999999
MN,MT,Đà Nẵng,G2,1,TAIL_HEAD,W-4,28,180,52,29,0.5576923076923077,0.4665384615384616,9.115384615384608,0.11927741330597841,4,0.07692307692307693,0.034423076923076945,4.249999999999998,0.09668108582723069,14.215384615384606
MN,MT,Khánh Hòa,G2,1,P2P5,D-3,3,180,52,29,0.5576923076923077,0.4665384615384616,9.115384615384608,0.11927741330597841,4,0.07692307692307693,0.034423076923076945,4.249999999999998,0.09668108582723069,14.215384615384606
MN,MT,Khánh Hòa,G2,1,SECOND_HEAD_TAIL,D-3,3,180,52,29,0.5576923076923077,0.4665384615384616,9.115384615384608,0.11927741330597841,4,0.07692307692307693,0.034423076923076945,4.249999999999998,0.09668108582723069,14.215384615384606
MT,MT,Khánh Hòa,G2,1,LAST2_REV,W-2,14,180,52,25,0.4807692307692308,0.35480769230769227,12.596153846153852,0.039755745531757355,2,0.038461538461538464,0.02500000000000002,1.3461538461538445,0.4295004052060517,14.211538461538465
MT,MT,Khánh Hòa,G2,1,P5P4,W-2,14,180,52,25,0.4807692307692308,0.35480769230769227,12.596153846153852,0.039755745531757355,2,0.038461538461538464,0.02500000000000002,1.3461538461538445,0.4295004052060517,14.211538461538465
MT,MT,Khánh Hòa,G1,1,FIRST2,W-4,28,180,52,25,0.4807692307692308,0.35480769230769227,12.596153846153852,0.039755745531757355,2,0.038461538461538464,0.02500000000000002,1.3461538461538445,0.4295004052060517,14.211538461538465
MT,MT,Khánh Hòa,G1,1,HEAD_TAIL,W-1,7,180,52,25,0.4807692307692308,0.35480769230769227,12.596153846153852,0.039755745531757355,2,0.038461538461538464,0.02500000000000002,1.3461538461538445,0.4295004052060517,14.211538461538465
MT,MT,Khánh Hòa,G1,1,P1P2,W-4,28,180,52,25,0.4807692307692308,0.35480769230769227,12.596153846153852,0.039755745531757355,2,0.038461538461538464,0.02500000000000002,1.3461538461538445,0.4295004052060517,14.211538461538465
MT,MT,Khánh Hòa,G1,1,P1P5,W-1,7,180,52,25,0.4807692307692308,0.35480769230769227,12.596153846153852,0.039755745531757355,2,0.038461538461538464,0.02500000000000002,1.3461538461538445,0.4295004052060517,14.211538461538465
MT,MB,MB_BOARD,G2,1,P4P1,D-1,1,180,176,76,0.4318181818181818,0.35227272727272724,7.954545454545459,0.016573211351097423,9,0.05113636363636364,0.024261363636363605,2.6875000000000036,0.019117168221313183,14.179545454545462
MN,MN,TP. HCM,G2,1,HEAD_TAIL,W-1,7,180,51,26,0.5098039215686274,0.4676470588235294,4.2156862745098,0.32165966524056794,6,0.11764705882352941,0.0347058823529412,8.29411764705882,0.0021613785604348975,14.168627450980384
MN,MN,TP. HCM,G2,1,P1P5,W-1,7,180,51,26,0.5098039215686274,0.4676470588235294,4.2156862745098,0.32165966524056794,6,0.11764705882352941,0.0347058823529412,8.29411764705882,0.0021613785604348975,14.168627450980384
MN,MT,Khánh Hòa,G2,1,P3P2,D-6,6,180,51,27,0.5294117647058824,0.4637254901960786,6.568627450980374,0.21177763139304123,5,0.09803921568627451,0.0347058823529412,6.333333333333331,0.0183738418096401,14.16862745098037
MT,MT,Huế,G5,1,P4P2,D-5,5,180,31,14,0.45161290322580644,0.35870967741935483,9.29032258064516,0.1863988111893753,2,0.06451612903225806,0.0238709677419355,4.064516129032256,0.1856022407326722,14.167741935483868
MT,MB,MB_BOARD,G2,2,P2P3,W-3,21,60,60,25,0.4166666666666667,0.35566666666666685,6.099999999999984,0.19705533472654652,5,0.08333333333333333,0.024500000000000015,5.883333333333331,0.0056984118912542,14.15999999999998
MB,MB,MB_BOARD,G2,2,P2P4,W-4,28,90,86,28,0.32558139534883723,0.2379069767441861,8.767441860465114,0.037305012387087104,4,0.046511627906976744,0.010000000000000007,3.6511627906976734,0.002110690957121333,14.148837209302322
MN,MT,Đà Nẵng,G5,1,P4P3,D-6,6,180,51,28,0.5490196078431373,0.41882352941176476,13.019607843137255,0.040696135206932264,2,0.0392156862745098,0.030000000000000023,0.921568627450978,0.5098232646600834,14.12549019607843
MN,MT,Đà Nẵng,G5,1,LAST2_REV,D-6,6,180,51,28,0.5490196078431373,0.41882352941176476,13.019607843137255,0.040696135206932264,2,0.0392156862745098,0.030000000000000023,0.921568627450978,0.5098232646600834,14.12549019607843
MN,MT,Khánh Hòa,G2,1,HEAD_SECOND_LAST,W-2,14,180,52,25,0.4807692307692308,0.4196153846153846,6.115384615384617,0.2256965650731339,5,0.09615384615384616,0.029423076923076944,6.673076923076922,0.0074002186561861125,14.123076923076923
MT,MT,Huế,G5,1,HEAD_TAIL,D-6,6,180,31,16,0.5161290322580645,0.41645161290322585,9.967741935483865,0.1726813402875097,2,0.06451612903225806,0.03000000000000002,3.4516129032258043,0.27420879791280395,14.10967741935483
MT,MT,Huế,G5,1,P1P4,D-6,6,180,31,16,0.5161290322580645,0.41645161290322585,9.967741935483865,0.1726813402875097,2,0.06451612903225806,0.03000000000000002,3.4516129032258043,0.27420879791280395,14.10967741935483
MT,MT,Huế,G1,1,P1P3,D-6,6,180,31,16,0.5161290322580645,0.41645161290322585,9.967741935483865,0.1726813402875097,2,0.06451612903225806,0.03000000000000002,3.4516129032258043,0.27420879791280395,14.10967741935483
MT,MT,Đà Nẵng,G1,1,P3P4,W-3,21,180,52,24,0.46153846153846156,0.36000000000000004,10.153846153846152,0.08364372912991876,3,0.057692307692307696,0.02500000000000002,3.2692307692307674,0.14323952870805642,14.076923076923073
MT,MT,Đà Nẵng,DB,1,LAST2_REV,W-2,14,180,52,24,0.46153846153846156,0.36000000000000004,10.153846153846152,0.08364372912991876,3,0.057692307692307696,0.02500000000000002,3.2692307692307674,0.14323952870805642,14.076923076923073
MT,MT,Đà Nẵng,DB,1,P5P2,W-4,28,180,52,24,0.46153846153846156,0.36000000000000004,10.153846153846152,0.08364372912991876,3,0.057692307692307696,0.02500000000000002,3.2692307692307674,0.14323952870805642,14.076923076923073
MT,MT,Đà Nẵng,DB,1,P6P5,W-2,14,180,52,24,0.46153846153846156,0.36000000000000004,10.153846153846152,0.08364372912991876,3,0.057692307692307696,0.02500000000000002,3.2692307692307674,0.14323952870805642,14.076923076923073
MB,MB,MB_BOARD,DB,1,P3P1,D-3,3,90,90,30,0.3333333333333333,0.23766666666666658,9.566666666666674,0.022302170601040065,2,0.022222222222222223,0.010000000000000007,1.2222222222222217,0.26250498320930205,14.033333333333339
MB,MB,MB_BOARD,G1,1,P3P4,D-4,4,90,90,30,0.3333333333333333,0.23766666666666658,9.566666666666674,0.022302170601040065,2,0.022222222222222223,0.010000000000000007,1.2222222222222217,0.26250498320930205,14.033333333333339
MB,MB,MB_BOARD,G2,2,SECOND_HEAD_TAIL,D-4,4,90,90,30,0.3333333333333333,0.23766666666666658,9.566666666666674,0.022302170601040065,2,0.022222222222222223,0.010000000000000007,1.2222222222222217,0.26250498320930205,14.033333333333339
MB,MB,MB_BOARD,G2,2,P2P5,D-4,4,90,90,30,0.3333333333333333,0.23766666666666658,9.566666666666674,0.022302170601040065,2,0.022222222222222223,0.010000000000000007,1.2222222222222217,0.26250498320930205,14.033333333333339
MT,MB,MB_BOARD,G2,1,P4P3,D-3,3,90,90,43,0.4777777777777778,0.35200000000000004,12.577777777777776,0.008468542702607091,1,0.011111111111111112,0.024333333333333342,-1.322222222222223,0.8761899492493833,13.991111111111108
MT,MT,Khánh Hòa,DB,1,P4P3,D-6,6,180,51,26,0.5098039215686274,0.3633333333333336,14.64705882352938,0.021215594275844695,1,0.0196078431372549,0.025098039215686287,-0.5490196078431385,0.7574886648522958,13.988235294117613
MN,MN,TP. HCM,G5,1,HEAD_SECOND_LAST,D-2,2,180,51,28,0.5490196078431373,0.42058823529411754,12.843137254901976,0.043069889160391325,2,0.0392156862745098,0.029803921568627472,0.9411764705882332,0.5065700530650951,13.972549019607856
MN,MN,TP. HCM,G5,1,P1P3,D-2,2,180,51,28,0.5490196078431373,0.42058823529411754,12.843137254901976,0.043069889160391325,2,0.0392156862745098,0.029803921568627472,0.9411764705882332,0.5065700530650951,13.972549019607856
MB,MB,MB_BOARD,G2,1,P3P5,W-3,21,90,86,29,0.3372093023255814,0.23767441860465122,9.953488372093016,0.020583086306186705,3,0.03488372093023256,0.010000000000000007,2.488372093023255,0.03775396768870361,13.939534883720922
MN,MB,MB_BOARD,G2,2,P2P4,W-2,14,90,86,48,0.5581395348837209,0.43302325581395346,12.511627906976747,0.012779359007781927,3,0.03488372093023256,0.031511627906976716,0.3372093023255841,0.5515682819957541,13.916279069767448
MN,MB,MB_BOARD,G2,2,P5P3,W-2,14,90,86,48,0.5581395348837209,0.43302325581395346,12.511627906976747,0.012779359007781927,3,0.03488372093023256,0.031511627906976716,0.3372093023255841,0.5515682819957541,13.916279069767448
MT,MT,Khánh Hòa,DB,1,P5P1,D-1,1,180,51,27,0.5294117647058824,0.36039215686274517,16.90196078431372,0.00893638015687259,0,0.0,0.025098039215686287,-2.5098039215686287,1.0,13.890196078431364
MN,MN,TP. HCM,G2,1,LAST2,D-6,6,180,52,25,0.4807692307692308,0.42173076923076924,5.903846153846154,0.2352435280162439,5,0.09615384615384616,0.029615384615384637,6.6538461538461515,0.007731273671318134,13.888461538461534
MN,MN,TP. HCM,G2,1,P4P5,D-6,6,180,52,25,0.4807692307692308,0.42173076923076924,5.903846153846154,0.2352435280162439,5,0.09615384615384616,0.029615384615384637,6.6538461538461515,0.007731273671318134,13.888461538461534
MN,MB,MB_BOARD,G1,1,P4P3,W-4,28,60,60,30,0.5,0.4333333333333334,6.66666666666666,0.18092708455287684,5,0.08333333333333333,0.03150000000000002,5.183333333333331,0.02685783194756164,13.886666666666656
MN,MN,TP. HCM,G7,1,LAST2_REV,D-5,5,180,52,30,0.5769230769230769,0.4657692307692309,11.115384615384599,0.07107215234381592,3,0.057692307692307696,0.03461538461538464,2.3076923076923057,0.29770215392934474,13.884615384615365
MN,MN,TP. HCM,G7,1,P3P2,D-5,5,180,52,30,0.5769230769230769,0.4657692307692309,11.115384615384599,0.07107215234381592,3,0.057692307692307696,0.03461538461538464,2.3076923076923057,0.29770215392934474,13.884615384615365
MB,MB,MB_BOARD,G2,1,TAIL_HEAD,D-5,5,60,60,19,0.31666666666666665,0.23633333333333348,8.033333333333317,0.09462764774247273,3,0.05,0.010000000000000005,3.9999999999999996,0.006845948082691203,13.833333333333316
MB,MB,MB_BOARD,G2,1,P5P1,D-5,5,60,60,19,0.31666666666666665,0.23633333333333348,8.033333333333317,0.09462764774247273,3,0.05,0.010000000000000005,3.9999999999999996,0.006845948082691203,13.833333333333316
MN,MT,Đà Nẵng,G5,1,P3P2,W-4,28,180,52,30,0.5769230769230769,0.4665384615384616,11.038461538461524,0.0726161806428366,3,0.057692307692307696,0.034423076923076945,2.326923076923075,0.2945793786710798,13.830769230769214
MT,MT,Khánh Hòa,G5,1,P2P3,W-3,21,180,52,26,0.5,0.35480769230769227,14.519230769230774,0.02050806874509493,1,0.019230769230769232,0.02500000000000002,-0.5769230769230786,0.7613292629814068,13.826923076923078
MT,MT,Khánh Hòa,G1,1,P2P4,W-4,28,180,52,26,0.5,0.35480769230769227,14.519230769230774,0.02050806874509493,1,0.019230769230769232,0.02500000000000002,-0.5769230769230786,0.7613292629814068,13.826923076923078
MT,MT,Khánh Hòa,DB,1,P5P3,W-2,14,180,52,26,0.5,0.35480769230769227,14.519230769230774,0.02050806874509493,1,0.019230769230769232,0.02500000000000002,-0.5769230769230786,0.7613292629814068,13.826923076923078
MN,MB,MB_BOARD,DB,1,TAIL_HEAD,D-4,4,90,90,46,0.5111111111111111,0.4317777777777777,7.933333333333337,0.07882049018875475,5,0.05555555555555555,0.031444444444444414,2.411111111111114,0.15655984290898567,13.826666666666673
MN,MB,MB_BOARD,DB,1,P5P1,D-4,4,90,90,46,0.5111111111111111,0.4317777777777777,7.933333333333337,0.07882049018875475,5,0.05555555555555555,0.031444444444444414,2.411111111111114,0.15655984290898567,13.826666666666673
MT,MB,MB_BOARD,DB,1,FIRST2,D-1,1,60,60,26,0.43333333333333335,0.35566666666666685,7.76666666666665,0.13095979882659828,4,0.06666666666666667,0.024500000000000015,4.216666666666665,0.04501771087494585,13.826666666666647
MT,MB,MB_BOARD,DB,1,P1P2,D-1,1,60,60,26,0.43333333333333335,0.35566666666666685,7.76666666666665,0.13095979882659828,4,0.06666666666666667,0.024500000000000015,4.216666666666665,0.04501771087494585,13.826666666666647
MT,MB,MB_BOARD,DB,1,P3P1,D-5,5,60,60,26,0.43333333333333335,0.35566666666666685,7.76666666666665,0.13095979882659828,4,0.06666666666666667,0.024500000000000015,4.216666666666665,0.04501771087494585,13.826666666666647
MT,MB,MB_BOARD,G2,1,P2P4,W-2,14,60,60,26,0.43333333333333335,0.35566666666666685,7.76666666666665,0.13095979882659828,4,0.06666666666666667,0.024500000000000015,4.216666666666665,0.04501771087494585,13.826666666666647
MT,MB,MB_BOARD,G2,1,P3P4,W-2,14,60,60,26,0.43333333333333335,0.35566666666666685,7.76666666666665,0.13095979882659828,4,0.06666666666666667,0.024500000000000015,4.216666666666665,0.04501771087494585,13.826666666666647
MT,MB,MB_BOARD,G2,1,P3P5,D-4,4,60,60,26,0.43333333333333335,0.35566666666666685,7.76666666666665,0.13095979882659828,4,0.06666666666666667,0.024500000000000015,4.216666666666665,0.04501771087494585,13.826666666666647
MB,MB,MB_BOARD,DB,1,P2P4,D-2,2,90,90,31,0.34444444444444444,0.23766666666666658,10.677777777777786,0.01203508223987568,1,0.011111111111111112,0.010000000000000007,0.11111111111111044,0.6641299933814214,13.811111111111119
MN,MT,Đà Nẵng,G1,1,HEAD_SECOND_LAST,D-1,1,180,52,26,0.5,0.41884615384615387,8.115384615384613,0.14787127919865548,4,0.07692307692307693,0.029615384615384637,4.730769230769229,0.05443056572779318,13.792307692307688
MN,MT,Khánh Hòa,G5,1,LAST2,D-4,4,180,52,26,0.5,0.41884615384615387,8.115384615384613,0.14787127919865548,4,0.07692307692307693,0.029615384615384637,4.730769230769229,0.05443056572779318,13.792307692307688
MN,MT,Khánh Hòa,G5,1,P3P4,D-4,4,180,52,26,0.5,0.41884615384615387,8.115384615384613,0.14787127919865548,4,0.07692307692307693,0.029615384615384637,4.730769230769229,0.05443056572779318,13.792307692307688
MN,MN,TP. HCM,DB,1,FIRST2_REV,D-4,4,180,52,25,0.4807692307692308,0.4225,5.826923076923079,0.23876530424620046,5,0.09615384615384616,0.02980769230769233,6.634615384615383,0.008072496437783752,13.78846153846154
MN,MN,TP. HCM,DB,1,P2P1,D-4,4,180,52,25,0.4807692307692308,0.4225,5.826923076923079,0.23876530424620046,5,0.09615384615384616,0.02980769230769233,6.634615384615383,0.008072496437783752,13.78846153846154
MN,MB,MB_BOARD,G1,1,FIRST2_REV,D-6,6,180,176,91,0.5170454545454546,0.43318181818181833,8.386363636363626,0.015032500854156625,9,0.05113636363636364,0.031193181818181828,1.9943181818181812,0.09592022173331925,13.779545454545444
MN,MB,MB_BOARD,G1,1,P2P1,D-6,6,180,176,91,0.5170454545454546,0.43318181818181833,8.386363636363626,0.015032500854156625,9,0.05113636363636364,0.031193181818181828,1.9943181818181812,0.09592022173331925,13.779545454545444
MT,MT,Huế,DB,1,P3P5,W-3,21,180,34,18,0.5294117647058824,0.36147058823529404,16.794117647058833,0.03145537263279674,0,0.0,0.025294117647058835,-2.5294117647058836,1.0,13.758823529411773
MN,MB,MB_BOARD,G1,1,FIRST2_REV,W-4,28,90,86,43,0.5,0.43244186046511623,6.755813953488376,0.12388499060231427,7,0.08139534883720931,0.031511627906976716,4.988372093023259,0.009656970603752544,13.741860465116286
MN,MB,MB_BOARD,G1,1,P2P1,W-4,28,90,86,43,0.5,0.43244186046511623,6.755813953488376,0.12388499060231427,7,0.08139534883720931,0.031511627906976716,4.988372093023259,0.009656970603752544,13.741860465116286
MN,MT,Khánh Hòa,G8,1,HEAD_TAIL,W-1,7,180,52,26,0.5,0.4196153846153846,8.038461538461538,0.1505447295551957,4,0.07692307692307693,0.029423076923076944,4.749999999999998,0.05298113772929693,13.738461538461536
MN,MT,Khánh Hòa,G1,1,HEAD_SECOND_LAST,W-3,21,180,52,26,0.5,0.4196153846153846,8.038461538461538,0.1505447295551957,4,0.07692307692307693,0.029423076923076944,4.749999999999998,0.05298113772929693,13.738461538461536
MN,MT,Khánh Hòa,G8,1,FIRST2,W-1,7,180,52,26,0.5,0.4196153846153846,8.038461538461538,0.1505447295551957,4,0.07692307692307693,0.029423076923076944,4.749999999999998,0.05298113772929693,13.738461538461536
MN,MT,Khánh Hòa,G8,1,LAST2,W-1,7,180,52,26,0.5,0.4196153846153846,8.038461538461538,0.1505447295551957,4,0.07692307692307693,0.029423076923076944,4.749999999999998,0.05298113772929693,13.738461538461536
MN,MT,Khánh Hòa,G2,1,HEAD_SECOND_LAST,W-4,28,180,52,26,0.5,0.4196153846153846,8.038461538461538,0.1505447295551957,4,0.07692307692307693,0.029423076923076944,4.749999999999998,0.05298113772929693,13.738461538461536
MN,MT,Khánh Hòa,G8,1,P1P2,W-1,7,180,52,26,0.5,0.4196153846153846,8.038461538461538,0.1505447295551957,4,0.07692307692307693,0.029423076923076944,4.749999999999998,0.05298113772929693,13.738461538461536
MN,MT,Đà Nẵng,G7,1,SECOND_HEAD_TAIL,D-2,2,180,51,28,0.5490196078431373,0.42274509803921567,12.627450980392164,0.04611475587418441,2,0.0392156862745098,0.030000000000000023,0.921568627450978,0.5098232646600834,13.733333333333338
MN,MT,Đà Nẵng,DB,1,LAST2,D-2,2,180,51,28,0.5490196078431373,0.42274509803921567,12.627450980392164,0.04611475587418441,2,0.0392156862745098,0.030000000000000023,0.921568627450978,0.5098232646600834,13.733333333333338
MN,MT,Đà Nẵng,G7,1,LAST2,D-2,2,180,51,28,0.5490196078431373,0.42274509803921567,12.627450980392164,0.04611475587418441,2,0.0392156862745098,0.030000000000000023,0.921568627450978,0.5098232646600834,13.733333333333338
MN,MT,Khánh Hòa,G7,1,HEAD_TAIL,D-5,5,180,51,22,0.43137254901960786,0.42274509803921567,0.8627450980392193,0.506784724014362,7,0.13725490196078433,0.030000000000000023,10.72549019607843,2.255004749655214e-05,13.733333333333336
MT,MB,MB_BOARD,G2,2,P4P3,D-5,5,180,176,75,0.42613636363636365,0.3514772727272727,7.465909090909095,0.022987232945030103,9,0.05113636363636364,0.024204545454545423,2.6931818181818215,0.01878071125759444,13.697727272727281
MT,MT,Đà Nẵng,G5,1,SECOND_HEAD_TAIL,W-2,14,180,52,25,0.4807692307692308,0.36000000000000004,12.076923076923073,0.04747168112259814,2,0.038461538461538464,0.02500000000000002,1.3461538461538445,0.4295004052060517,13.692307692307686
MT,MT,Đà Nẵng,G5,1,P2P4,W-2,14,180,52,25,0.4807692307692308,0.36000000000000004,12.076923076923073,0.04747168112259814,2,0.038461538461538464,0.02500000000000002,1.3461538461538445,0.4295004052060517,13.692307692307686
MT,MT,Đà Nẵng,G2,1,SECOND_HEAD_TAIL,W-2,14,180,52,25,0.4807692307692308,0.36000000000000004,12.076923076923073,0.04747168112259814,2,0.038461538461538464,0.02500000000000002,1.3461538461538445,0.4295004052060517,13.692307692307686
MT,MT,Đà Nẵng,G2,1,P2P5,W-2,14,180,52,25,0.4807692307692308,0.36000000000000004,12.076923076923073,0.04747168112259814,2,0.038461538461538464,0.02500000000000002,1.3461538461538445,0.4295004052060517,13.692307692307686
MT,MT,Đà Nẵng,G1,1,LAST2_REV,W-4,28,180,52,25,0.4807692307692308,0.36000000000000004,12.076923076923073,0.04747168112259814,2,0.038461538461538464,0.02500000000000002,1.3461538461538445,0.4295004052060517,13.692307692307686
MT,MT,Đà Nẵng,G1,1,P3P2,W-4,28,180,52,25,0.4807692307692308,0.36000000000000004,12.076923076923073,0.04747168112259814,2,0.038461538461538464,0.02500000000000002,1.3461538461538445,0.4295004052060517,13.692307692307686
MT,MT,Đà Nẵng,G1,1,P5P4,W-4,28,180,52,25,0.4807692307692308,0.36000000000000004,12.076923076923073,0.04747168112259814,2,0.038461538461538464,0.02500000000000002,1.3461538461538445,0.4295004052060517,13.692307692307686
MT,MT,Đà Nẵng,DB,1,LAST2,W-4,28,180,52,25,0.4807692307692308,0.36000000000000004,12.076923076923073,0.04747168112259814,2,0.038461538461538464,0.02500000000000002,1.3461538461538445,0.4295004052060517,13.692307692307686
MT,MT,Đà Nẵng,DB,1,P2P5,W-3,21,180,52,25,0.4807692307692308,0.36000000000000004,12.076923076923073,0.04747168112259814,2,0.038461538461538464,0.02500000000000002,1.3461538461538445,0.4295004052060517,13.692307692307686
MT,MT,Đà Nẵng,DB,1,P3P4,W-2,14,180,52,25,0.4807692307692308,0.36000000000000004,12.076923076923073,0.04747168112259814,2,0.038461538461538464,0.02500000000000002,1.3461538461538445,0.4295004052060517,13.692307692307686
MT,MT,Đà Nẵng,DB,1,P5P6,W-4,28,180,52,25,0.4807692307692308,0.36000000000000004,12.076923076923073,0.04747168112259814,2,0.038461538461538464,0.02500000000000002,1.3461538461538445,0.4295004052060517,13.692307692307686
MN,MN,TP. HCM,DB,1,FIRST2_REV,D-1,1,180,51,24,0.47058823529411764,0.41588235294117665,5.470588235294099,0.25765191753455696,5,0.09803921568627451,0.029607843137254924,6.843137254901959,0.0067543506622977445,13.68235294117645
MN,MN,TP. HCM,DB,1,P2P1,D-1,1,180,51,24,0.47058823529411764,0.41588235294117665,5.470588235294099,0.25765191753455696,5,0.09803921568627451,0.029607843137254924,6.843137254901959,0.0067543506622977445,13.68235294117645
MN,MN,TP. HCM,DB,1,LAST2_REV,D-3,3,180,51,24,0.47058823529411764,0.41588235294117665,5.470588235294099,0.25765191753455696,5,0.09803921568627451,0.030000000000000023,6.803921568627448,0.007385400154829032,13.635294117647035
MN,MN,TP. HCM,DB,1,P5P4,D-3,3,180,51,24,0.47058823529411764,0.41588235294117665,5.470588235294099,0.25765191753455696,5,0.09803921568627451,0.030000000000000023,6.803921568627448,0.007385400154829032,13.635294117647035
MN,MN,TP. HCM,DB,1,P6P5,D-3,3,180,51,24,0.47058823529411764,0.41588235294117665,5.470588235294099,0.25765191753455696,5,0.09803921568627451,0.030000000000000023,6.803921568627448,0.007385400154829032,13.635294117647035
MT,MT,Khánh Hòa,DB,1,P4P3,D-4,4,180,52,28,0.5384615384615384,0.4124999999999999,12.596153846153852,0.044165551349864725,2,0.038461538461538464,0.030000000000000023,0.846153846153844,0.5194509570460595,13.611538461538466
MT,MT,Đà Nẵng,G2,1,P1P3,D-1,1,180,52,28,0.5384615384615384,0.4124999999999999,12.596153846153852,0.044165551349864725,2,0.038461538461538464,0.030000000000000023,0.846153846153844,0.5194509570460595,13.611538461538466
MN,MB,MB_BOARD,G1,1,P5P2,D-2,2,90,90,47,0.5222222222222223,0.4317777777777777,9.044444444444455,0.051989837286165026,4,0.044444444444444446,0.031444444444444414,1.3000000000000032,0.3428537779421809,13.604444444444459
MN,MB,MB_BOARD,G2,2,LAST2,D-1,1,90,90,47,0.5222222222222223,0.4317777777777777,9.044444444444455,0.051989837286165026,4,0.044444444444444446,0.031444444444444414,1.3000000000000032,0.3428537779421809,13.604444444444459
MN,MB,MB_BOARD,G2,2,P4P5,D-1,1,90,90,47,0.5222222222222223,0.4317777777777777,9.044444444444455,0.051989837286165026,4,0.044444444444444446,0.031444444444444414,1.3000000000000032,0.3428537779421809,13.604444444444459
MT,MT,Đà Nẵng,G2,1,HEAD_SECOND_LAST,D-3,3,180,51,27,0.5294117647058824,0.3633333333333336,16.607843137254875,0.010159379191932508,0,0.0,0.025098039215686287,-2.5098039215686287,1.0,13.59607843137252
MT,MT,Đà Nẵng,G2,1,P1P4,D-3,3,180,51,27,0.5294117647058824,0.3633333333333336,16.607843137254875,0.010159379191932508,0,0.0,0.025098039215686287,-2.5098039215686287,1.0,13.59607843137252
MB,MB,MB_BOARD,G2,1,P1P3,D-1,1,180,175,60,0.34285714285714286,0.23868571428571425,10.417142857142862,0.0008330304570544238,2,0.011428571428571429,0.00994285714285715,0.14857142857142777,0.5725440454890741,13.595428571428576
MB,MT,Đà Nẵng,G2,1,TAIL_HEAD,D-5,5,180,49,14,0.2857142857142857,0.23632653061224504,4.938775510204066,0.2592549781331336,4,0.08163265306122448,0.009795918367346943,7.183673469387754,5.920286924439685e-06,13.55918367346937
MN,MB,MB_BOARD,DB,1,P2P4,D-1,1,60,60,31,0.5166666666666667,0.4333333333333334,8.333333333333332,0.12052572651966108,4,0.06666666666666667,0.03150000000000002,3.5166666666666644,0.11702416527648819,13.55333333333333
MN,MB,MB_BOARD,DB,1,P3P1,D-6,6,60,60,31,0.5166666666666667,0.4333333333333334,8.333333333333332,0.12052572651966108,4,0.06666666666666667,0.03150000000000002,3.5166666666666644,0.11702416527648819,13.55333333333333
MN,MB,MB_BOARD,G1,1,HEAD_TAIL,W-3,21,60,60,31,0.5166666666666667,0.4333333333333334,8.333333333333332,0.12052572651966108,4,0.06666666666666667,0.03150000000000002,3.5166666666666644,0.11702416527648819,13.55333333333333
MN,MB,MB_BOARD,G1,1,SECOND_HEAD_TAIL,D-1,1,60,60,31,0.5166666666666667,0.4333333333333334,8.333333333333332,0.12052572651966108,4,0.06666666666666667,0.03150000000000002,3.5166666666666644,0.11702416527648819,13.55333333333333
MN,MB,MB_BOARD,G1,1,P1P5,W-3,21,60,60,31,0.5166666666666667,0.4333333333333334,8.333333333333332,0.12052572651966108,4,0.06666666666666667,0.03150000000000002,3.5166666666666644,0.11702416527648819,13.55333333333333
MN,MB,MB_BOARD,G1,1,P2P5,D-1,1,60,60,31,0.5166666666666667,0.4333333333333334,8.333333333333332,0.12052572651966108,4,0.06666666666666667,0.03150000000000002,3.5166666666666644,0.11702416527648819,13.55333333333333
MN,MB,MB_BOARD,G1,1,P5P2,D-2,2,60,60,31,0.5166666666666667,0.4333333333333334,8.333333333333332,0.12052572651966108,4,0.06666666666666667,0.03150000000000002,3.5166666666666644,0.11702416527648819,13.55333333333333
MT,MT,Huế,G1,1,FIRST2_REV,D-5,5,180,31,15,0.4838709677419355,0.35870967741935483,12.516129032258066,0.10280702704456064,1,0.03225806451612903,0.0238709677419355,0.8387096774193532,0.6111758779727317,13.52258064516129
